brand,category,description,details,finition,image_urls,sku,stock,title,type,url,variure
ELM LEBLANC,,"
,
,
",[{'Article:': 'LC15-4 HFPB'}],,"https://res.cloudinary.com/afdb/image/upload/s--yXH1699h--/c_pad,dpr_auto,f_auto,h_500,w_500/v1/afdb-fr/AFD_122818_.jpeg,https://res.cloudinary.com/afdb/image/upload/s--YqrQHVRV--/c_pad,dpr_auto,f_auto,h_110,w_110/v1/afdb-fr/AFD_122818_.jpeg",751869,Aucun magasin sélectionné,Chauffe-bain gaz butane/propane ONDEA HYDROSMART BAS NOx ventouse 15 L/min sans veilleuse LC15-4 HFPB ELM LEBLANC 7736505034,,https://www.afdb.fr/elm-leblanc-7736505034-chauffe-bain-gaz-butane-propane-ondea-hydrosmart-bas-nox-ventouse-15-min-veilleuse-lc15-4-hfpb-elm-leblanc-7736505034_SKU751869.html,
ELM LEBLANC,,,[{'Type de produit:': 'Pièces détachées chaudière'}],,"https://res.cloudinary.com/afdb/image/upload/s--o3usNIg8--/c_pad,dpr_auto,f_auto,h_500,w_500/v1/afdb-fr/AFD_167757_.jpeg,https://res.cloudinary.com/afdb/image/upload/s--CqLJrm1h--/c_pad,dpr_auto,f_auto,h_110,w_110/v1/afdb-fr/AFD_167757_.jpeg",390545,Aucun magasin sélectionné,Moteur de circulateur Elm Leblanc - 87167714270,,https://www.afdb.fr/elm-leblanc-accessoire-moteur-circulateur-megalis-elm-leblanc_SKUM2479.html,
TUBESCA-COMABI,,"
,
,
,
,
,
","[{'Dimension de la plateforme (LxP):': '170 x 65 cm', 'Fiche technique fournisseur': '\n'}]",,"https://res.cloudinary.com/afdb/image/upload/s--BoxQX5H1--/c_pad,dpr_auto,f_auto,h_500,w_500/v1/afdb-fr/AFD_156434_.jpeg,https://res.cloudinary.com/afdb/image/upload/s--NQQhLNKY--/c_pad,dpr_auto,f_auto,h_500,w_500/v1/afdb-fr/AFD_156438_.jpeg,https://res.cloudinary.com/afdb/image/upload/s--t-TXCmpp--/c_pad,dpr_auto,f_auto,h_500,w_500/v1/afdb-fr/AFD_156439_.jpeg,https://res.cloudinary.com/afdb/image/upload/s--UbKJFLOz--/c_pad,dpr_auto,f_auto,h_500,w_500/v1/afdb-fr/AFD_156436_.jpeg,https://res.cloudinary.com/afdb/image/upload/s--EVv9821m--/c_pad,dpr_auto,f_auto,h_500,w_500/v1/afdb-fr/AFD_156437_.jpeg,https://res.cloudinary.com/afdb/image/upload/s--FAMX6PUV--/c_pad,dpr_auto,f_auto,h_500,w_500/v1/afdb-fr/AFD_156435_.jpeg,https://res.cloudinary.com/afdb/image/upload/s--ImX0rjJL--/c_pad,dpr_auto,f_auto,h_110,w_110/v1/afdb-fr/AFD_156434_.jpeg,https://res.cloudinary.com/afdb/image/upload/s--S7qs7HT2--/c_pad,dpr_auto,f_auto,h_110,w_110/v1/afdb-fr/AFD_156438_.jpeg,https://res.cloudinary.com/afdb/image/upload/s--qNiA33KM--/c_pad,dpr_auto,f_auto,h_110,w_110/v1/afdb-fr/AFD_156439_.jpeg,https://res.cloudinary.com/afdb/image/upload/s--w5DICThV--/c_pad,dpr_auto,f_auto,h_110,w_110/v1/afdb-fr/AFD_156436_.jpeg,https://res.cloudinary.com/afdb/image/upload/s--OeBF1J2c--/c_pad,dpr_auto,f_auto,h_110,w_110/v1/afdb-fr/AFD_156437_.jpeg,https://res.cloudinary.com/afdb/image/upload/s--bywtXKLu--/c_pad,dpr_auto,f_auto,h_110,w_110/v1/afdb-fr/AFD_156435_.jpeg",788807,Aucun magasin sélectionné,Echafaudage Tubesca-Comabi CROSS 180 - 26404680,,https://www.afdb.fr/tubesca-comabi-26404680-echafaudage-tubesca-comabi-cross-180-26404680_SKU788807.html,
TUBESCA-COMABI,,"
,
,
,
,
,
","[{'Dimension de la plateforme (LxP):': '170 x 65 cm', 'Fiche technique fournisseur': '\n'}]",,"https://res.cloudinary.com/afdb/image/upload/s--BoxQX5H1--/c_pad,dpr_auto,f_auto,h_500,w_500/v1/afdb-fr/AFD_156434_.jpeg,https://res.cloudinary.com/afdb/image/upload/s--NQQhLNKY--/c_pad,dpr_auto,f_auto,h_500,w_500/v1/afdb-fr/AFD_156438_.jpeg,https://res.cloudinary.com/afdb/image/upload/s--t-TXCmpp--/c_pad,dpr_auto,f_auto,h_500,w_500/v1/afdb-fr/AFD_156439_.jpeg,https://res.cloudinary.com/afdb/image/upload/s--UbKJFLOz--/c_pad,dpr_auto,f_auto,h_500,w_500/v1/afdb-fr/AFD_156436_.jpeg,https://res.cloudinary.com/afdb/image/upload/s--EVv9821m--/c_pad,dpr_auto,f_auto,h_500,w_500/v1/afdb-fr/AFD_156437_.jpeg,https://res.cloudinary.com/afdb/image/upload/s--FAMX6PUV--/c_pad,dpr_auto,f_auto,h_500,w_500/v1/afdb-fr/AFD_156435_.jpeg,https://res.cloudinary.com/afdb/image/upload/s--ImX0rjJL--/c_pad,dpr_auto,f_auto,h_110,w_110/v1/afdb-fr/AFD_156434_.jpeg,https://res.cloudinary.com/afdb/image/upload/s--S7qs7HT2--/c_pad,dpr_auto,f_auto,h_110,w_110/v1/afdb-fr/AFD_156438_.jpeg,https://res.cloudinary.com/afdb/image/upload/s--qNiA33KM--/c_pad,dpr_auto,f_auto,h_110,w_110/v1/afdb-fr/AFD_156439_.jpeg,https://res.cloudinary.com/afdb/image/upload/s--w5DICThV--/c_pad,dpr_auto,f_auto,h_110,w_110/v1/afdb-fr/AFD_156436_.jpeg,https://res.cloudinary.com/afdb/image/upload/s--OeBF1J2c--/c_pad,dpr_auto,f_auto,h_110,w_110/v1/afdb-fr/AFD_156437_.jpeg,https://res.cloudinary.com/afdb/image/upload/s--bywtXKLu--/c_pad,dpr_auto,f_auto,h_110,w_110/v1/afdb-fr/AFD_156435_.jpeg",788805,Aucun magasin sélectionné,Echafaudage Tubesca-Comabi CROSS 180 - 26404660,,https://www.afdb.fr/tubesca-comabi-26404660-echafaudage-tubesca-comabi-cross-180-26404660_SKU788805.html,
TUBESCA-COMABI,,"
,
,
","[{'Hauteur de travail:': '9,9 m', 'Fiche technique fournisseur': '\n'}]",,"https://res.cloudinary.com/afdb/image/upload/s--82uGR8fa--/c_pad,dpr_auto,f_auto,h_500,w_500/v1/afdb-fr/AFD_95904__.jpeg,https://res.cloudinary.com/afdb/image/upload/s--_ux0VTgK--/c_pad,dpr_auto,f_auto,h_500,w_500/v1/afdb-fr/AFD_95910__.jpeg,https://res.cloudinary.com/afdb/image/upload/s--sPQAsxWU--/c_pad,dpr_auto,f_auto,h_500,w_500/v1/afdb-fr/AFD_95912__.jpeg,https://res.cloudinary.com/afdb/image/upload/s--V_CJiwQz--/c_pad,dpr_auto,f_auto,h_500,w_500/v1/afdb-fr/AFD_95908__.jpeg,https://res.cloudinary.com/afdb/image/upload/s--onWC6lmx--/c_pad,dpr_auto,f_auto,h_500,w_500/v1/afdb-fr/AFD_95907__.jpeg,https://res.cloudinary.com/afdb/image/upload/s--2ULHMMoG--/c_pad,dpr_auto,f_auto,h_500,w_500/v1/afdb-fr/AFD_95911__.jpeg,https://res.cloudinary.com/afdb/image/upload/s--5JHQtSs---/c_pad,dpr_auto,f_auto,h_500,w_500/v1/afdb-fr/AFD_95913__.jpeg,https://res.cloudinary.com/afdb/image/upload/s--ecb12Kdo--/c_pad,dpr_auto,f_auto,h_500,w_500/v1/afdb-fr/AFD_95914__.jpeg,https://res.cloudinary.com/afdb/image/upload/s--k3zV83wD--/c_pad,dpr_auto,f_auto,h_500,w_500/v1/afdb-fr/AFD_95905__.jpeg,https://res.cloudinary.com/afdb/image/upload/s--b4BUuHY4--/c_pad,dpr_auto,f_auto,h_110,w_110/v1/afdb-fr/AFD_95904__.jpeg,https://img.youtube.com/vi/4sU9bdYtl1k/0.jpg,https://res.cloudinary.com/afdb/image/upload/s--k4xx27U6--/c_pad,dpr_auto,f_auto,h_110,w_110/v1/afdb-fr/AFD_95910__.jpeg,https://res.cloudinary.com/afdb/image/upload/s--JPO9gjHJ--/c_pad,dpr_auto,f_auto,h_110,w_110/v1/afdb-fr/AFD_95912__.jpeg,https://res.cloudinary.com/afdb/image/upload/s--MWiLobpP--/c_pad,dpr_auto,f_auto,h_110,w_110/v1/afdb-fr/AFD_95908__.jpeg,https://res.cloudinary.com/afdb/image/upload/s--D7ZQACst--/c_pad,dpr_auto,f_auto,h_110,w_110/v1/afdb-fr/AFD_95907__.jpeg,https://res.cloudinary.com/afdb/image/upload/s--8w9UZBLW--/c_pad,dpr_auto,f_auto,h_110,w_110/v1/afdb-fr/AFD_95911__.jpeg,https://res.cloudinary.com/afdb/image/upload/s--3UymipUb--/c_pad,dpr_auto,f_auto,h_110,w_110/v1/afdb-fr/AFD_95913__.jpeg,https://res.cloudinary.com/afdb/image/upload/s--w-FDgJPS--/c_pad,dpr_auto,f_auto,h_110,w_110/v1/afdb-fr/AFD_95914__.jpeg,https://res.cloudinary.com/afdb/image/upload/s--yDZczG29--/c_pad,dpr_auto,f_auto,h_110,w_110/v1/afdb-fr/AFD_95905__.jpeg",576617,Aucun magasin sélectionné,"Échafaudage roulant TOTEM 2 LINE 250 PL 4,90 m TUBESCA-COMABI 22403750",,https://www.afdb.fr/tubesca-comabi-22403750-echafaudage-roulant-totem-2-line-250-pl-4-90-tubesca-comabi-22403750_SKU576617.html,
MITSUBISHI ELECTRIC,,"Zubadan : une pompe à chaleur révolutionnaire,Le terme Zubadan est l'équivalent japonais de l'expression « Super Chauffage ». Ce système révolutionnaire délivre jusqu'à -15 °C la même puissance calorifique qu'à + 7 °C. Par conséquent, cette pompe à chaleur parfaitement adaptée à la climatisation s'utilise aussi comme chauffage principal.","[{'Modèle:': 'MONO', 'Fiche technique fournisseur': '\n'}]",,"https://res.cloudinary.com/afdb/image/upload/s--j9W3Ghjx--/c_pad,dpr_auto,f_auto,h_500,w_500/v1/afdb-fr/AFD_146730_.jpeg,https://res.cloudinary.com/afdb/image/upload/s--FyeeZjem--/c_pad,dpr_auto,f_auto,h_110,w_110/v1/afdb-fr/AFD_146730_.jpeg",778646,Aucun magasin sélectionné,Unité extérieure MISTUBISHI ECODAN ZUBADAN 14 KW mono 300L PUD-SHWM140VAA,,https://www.afdb.fr/mitsubishi-electric-unite-exterieur-zubadan_SKUM125950.html,
TUBESCA-COMABI,,"
,
,
","[{'Hauteur de travail:': '9,9 m', 'Fiche technique fournisseur': '\n'}]",,"https://res.cloudinary.com/afdb/image/upload/s--k3zV83wD--/c_pad,dpr_auto,f_auto,h_500,w_500/v1/afdb-fr/AFD_95905__.jpeg,https://res.cloudinary.com/afdb/image/upload/s--sPQAsxWU--/c_pad,dpr_auto,f_auto,h_500,w_500/v1/afdb-fr/AFD_95912__.jpeg,https://res.cloudinary.com/afdb/image/upload/s--5JHQtSs---/c_pad,dpr_auto,f_auto,h_500,w_500/v1/afdb-fr/AFD_95913__.jpeg,https://res.cloudinary.com/afdb/image/upload/s--onWC6lmx--/c_pad,dpr_auto,f_auto,h_500,w_500/v1/afdb-fr/AFD_95907__.jpeg,https://res.cloudinary.com/afdb/image/upload/s--_ux0VTgK--/c_pad,dpr_auto,f_auto,h_500,w_500/v1/afdb-fr/AFD_95910__.jpeg,https://res.cloudinary.com/afdb/image/upload/s--Y7vHRXo6--/c_pad,dpr_auto,f_auto,h_500,w_500/v1/afdb-fr/AFD_95909__.jpeg,https://res.cloudinary.com/afdb/image/upload/s--V_CJiwQz--/c_pad,dpr_auto,f_auto,h_500,w_500/v1/afdb-fr/AFD_95908__.jpeg,https://res.cloudinary.com/afdb/image/upload/s--yDZczG29--/c_pad,dpr_auto,f_auto,h_110,w_110/v1/afdb-fr/AFD_95905__.jpeg,https://img.youtube.com/vi/4sU9bdYtl1k/0.jpg,https://res.cloudinary.com/afdb/image/upload/s--JPO9gjHJ--/c_pad,dpr_auto,f_auto,h_110,w_110/v1/afdb-fr/AFD_95912__.jpeg,https://res.cloudinary.com/afdb/image/upload/s--3UymipUb--/c_pad,dpr_auto,f_auto,h_110,w_110/v1/afdb-fr/AFD_95913__.jpeg,https://res.cloudinary.com/afdb/image/upload/s--D7ZQACst--/c_pad,dpr_auto,f_auto,h_110,w_110/v1/afdb-fr/AFD_95907__.jpeg,https://res.cloudinary.com/afdb/image/upload/s--k4xx27U6--/c_pad,dpr_auto,f_auto,h_110,w_110/v1/afdb-fr/AFD_95910__.jpeg,https://res.cloudinary.com/afdb/image/upload/s--CaLmC2t0--/c_pad,dpr_auto,f_auto,h_110,w_110/v1/afdb-fr/AFD_95909__.jpeg,https://res.cloudinary.com/afdb/image/upload/s--MWiLobpP--/c_pad,dpr_auto,f_auto,h_110,w_110/v1/afdb-fr/AFD_95908__.jpeg",576618,Aucun magasin sélectionné,"Échafaudage roulant TOTEM 2 LINE 250 PL.5,90 m TUBESCA-COMABI 22403760",,https://www.afdb.fr/tubesca-comabi-22403760-echafaudage-roulant-totem-2-line-250-pl-5-90-tubesca-comabi-22403760_SKU576618.html,
GARIS,,"
,
,
,
","[{'Hauteur sous bec:': '66 cm', 'Fiche technique fournisseur': '\n'}]",,"https://res.cloudinary.com/afdb/image/upload/s--yYIJnoPr--/c_pad,dpr_auto,f_auto,h_500,w_500/v1/afdb-fr/AFD_223223_.jpeg,https://res.cloudinary.com/afdb/image/upload/s--63o1Ku7R--/c_pad,dpr_auto,f_auto,h_500,w_500/v1/afdb-fr/AFD_223227_.jpeg,https://res.cloudinary.com/afdb/image/upload/s--xMUCo1dO--/c_pad,dpr_auto,f_auto,h_500,w_500/v1/afdb-fr/AFD_223228_.jpeg,https://res.cloudinary.com/afdb/image/upload/s--bl6rgbrq--/c_pad,dpr_auto,f_auto,h_500,w_500/v1/afdb-fr/AFD_223225_.jpeg,https://res.cloudinary.com/afdb/image/upload/s--VbwzLS3g--/c_pad,dpr_auto,f_auto,h_500,w_500/v1/afdb-fr/AFD_223226_.jpeg,https://res.cloudinary.com/afdb/image/upload/s--xQ4rkCMw--/c_pad,dpr_auto,f_auto,h_500,w_500/v1/afdb-fr/AFD_223231_.jpeg,https://res.cloudinary.com/afdb/image/upload/s--cIC_k7Sh--/c_pad,dpr_auto,f_auto,h_500,w_500/v1/afdb-fr/AFD_223229_.jpeg,https://res.cloudinary.com/afdb/image/upload/s--9nV6Y4UG--/c_pad,dpr_auto,f_auto,h_500,w_500/v1/afdb-fr/AFD_223230_.jpeg,https://res.cloudinary.com/afdb/image/upload/s--0f7bzdtN--/c_pad,dpr_auto,f_auto,h_500,w_500/v1/afdb-fr/AFD_223224_.jpeg,https://res.cloudinary.com/afdb/image/upload/s--1WYuEpFs--/c_pad,dpr_auto,f_auto,h_500,w_500/v1/afdb-fr/AFD_223525_.jpeg,https://res.cloudinary.com/afdb/image/upload/s--Qwyv916v--/c_pad,dpr_auto,f_auto,h_500,w_500/v1/afdb-fr/AFD_223973_.jpeg,https://res.cloudinary.com/afdb/image/upload/s--K3NnlgnG--/c_pad,dpr_auto,f_auto,h_110,w_110/v1/afdb-fr/AFD_223223_.jpeg,https://res.cloudinary.com/afdb/image/upload/s--HEF0jGKX--/c_pad,dpr_auto,f_auto,h_110,w_110/v1/afdb-fr/AFD_223227_.jpeg,https://res.cloudinary.com/afdb/image/upload/s--5UkAE3a---/c_pad,dpr_auto,f_auto,h_110,w_110/v1/afdb-fr/AFD_223228_.jpeg,https://res.cloudinary.com/afdb/image/upload/s--nnhaM_Zm--/c_pad,dpr_auto,f_auto,h_110,w_110/v1/afdb-fr/AFD_223225_.jpeg,https://res.cloudinary.com/afdb/image/upload/s--_j4g7RsJ--/c_pad,dpr_auto,f_auto,h_110,w_110/v1/afdb-fr/AFD_223226_.jpeg,https://res.cloudinary.com/afdb/image/upload/s--p-2nkAqR--/c_pad,dpr_auto,f_auto,h_110,w_110/v1/afdb-fr/AFD_223231_.jpeg,https://res.cloudinary.com/afdb/image/upload/s--uQAIdHEo--/c_pad,dpr_auto,f_auto,h_110,w_110/v1/afdb-fr/AFD_223229_.jpeg,https://res.cloudinary.com/afdb/image/upload/s--qrnVPpjO--/c_pad,dpr_auto,f_auto,h_110,w_110/v1/afdb-fr/AFD_223230_.jpeg,https://res.cloudinary.com/afdb/image/upload/s--5keEHjP_--/c_pad,dpr_auto,f_auto,h_110,w_110/v1/afdb-fr/AFD_223224_.jpeg,https://res.cloudinary.com/afdb/image/upload/s--O_0wByGy--/c_pad,dpr_auto,f_auto,h_110,w_110/v1/afdb-fr/AFD_223525_.jpeg,https://res.cloudinary.com/afdb/image/upload/s--RmMOy86_--/c_pad,dpr_auto,f_auto,h_110,w_110/v1/afdb-fr/AFD_223973_.jpeg",786504,Aucun magasin sélectionné,Mitigeur de lavabo NOVA+ NF C2 monocommande GARIS,,https://www.afdb.fr/garis-mitigeur-lavabo-nova-garis-nf-c2-monocommande_SKUM208171.html,
GARIS,,"Douchettes multijet ergonomiques.,
,
Les douchettes GARIS sont garanties pendant 3 ans.",[{'Matière du produit:': 'ABS'}],,"https://res.cloudinary.com/afdb/image/upload/s--DjkufUuK--/c_pad,dpr_auto,f_auto,h_500,w_500/v1/afdb-fr/AFD_153419_.jpeg,https://res.cloudinary.com/afdb/image/upload/s--P_dWo5_I--/c_pad,dpr_auto,f_auto,h_500,w_500/v1/afdb-fr/AFD_153421_.jpeg,https://res.cloudinary.com/afdb/image/upload/s--CmKhv281--/c_pad,dpr_auto,f_auto,h_500,w_500/v1/afdb-fr/AFD_120295_.jpeg,https://res.cloudinary.com/afdb/image/upload/s--poTGlY2O--/c_pad,dpr_auto,f_auto,h_500,w_500/v1/afdb-fr/AFD_153420_.jpeg,https://res.cloudinary.com/afdb/image/upload/s--b9t487zI--/c_pad,dpr_auto,f_auto,h_110,w_110/v1/afdb-fr/AFD_153419_.jpeg,https://res.cloudinary.com/afdb/image/upload/s--ctC0fTBr--/c_pad,dpr_auto,f_auto,h_110,w_110/v1/afdb-fr/AFD_153421_.jpeg,https://res.cloudinary.com/afdb/image/upload/s--1mAMk68O--/c_pad,dpr_auto,f_auto,h_110,w_110/v1/afdb-fr/AFD_120295_.jpeg,https://res.cloudinary.com/afdb/image/upload/s--xSu8ub5F--/c_pad,dpr_auto,f_auto,h_110,w_110/v1/afdb-fr/AFD_153420_.jpeg",533401,Aucun magasin sélectionné,Douchette NOVA+ 5 jets réglables D120 mm GARIS H03-DCHT5JN+,,https://www.afdb.fr/garis-douchettes-5-jets-garis-nova-nova_SKUM3430.html,
brand,category,description,details,finition,image_urls,sku,stock,title,type,url,variure
HERACLES,,"
","{'Accessoires de montage:': 'Tige carrée de 7 mm, douilles en acier cémenté et vis M6.'}",,"https://res.cloudinary.com/afdb/image/upload/s--nMZbflZg--/c_pad,dpr_auto,f_auto,h_500,w_500/v1/afdb-fr/AFD_175906_.jpeg",008855,Aucun magasin sélectionné,Ensemble de sécurité sur plaque palière ELFE ELEGANCE entraxe 70 mm miroir HERACLES D-501PS-MI,,https://www.afdb.fr/heracles-ensemble-securite-elfe-elegance-entraxe-70-mm-heracles_SKUM96824.html,
,,"
",{'Puissance:': '8 kW'},,"https://res.cloudinary.com/afdb/image/upload/s--_VInFf5q--/c_pad,dpr_auto,f_auto,h_500,w_500/v1/afdb-fr/AFD_152612_.jpeg",789064,Aucun magasin sélectionné,Poêle à granulés étanche ZARA 8 KW Interstoves - 02504 DF,,https://www.afdb.fr/interstoves-poele-granules-etanche-zara-8-kw-interstoves_SKUM135485.html,
MITSUBISHI ELECTRIC,,"
","{'Alimentation:': '230 V', 'Fiche technique fournisseur': '\n'}",,"https://res.cloudinary.com/afdb/image/upload/s--LvVkKvsM--/c_pad,dpr_auto,f_auto,h_500,w_500/v1/afdb-fr/AFD_257020_.jpeg",780383,Aucun magasin sélectionné,"Unité intérieure Mono-split 2,5 kW MUTSUBISHI MSZ-HR25VF",,https://www.afdb.fr/mitsubishi-electric-unite-interieure-mono-split-mutsbishi-msz-hr_SKUM127938.html,
HERACLES,,"
","{'Accessoires de montage:': 'Tige carrée de 7 mm, douilles en acier cémenté et vis M6.'}",,"https://res.cloudinary.com/afdb/image/upload/s--m_LucdNI--/c_pad,dpr_auto,f_auto,h_500,w_500/v1/afdb-fr/AFD_164089_.jpeg",007382,Aucun magasin sélectionné,Ensemble de sécurité ELFE entraxe 70 mm palière chromé mat HERACLES D-501PS-CM,,https://www.afdb.fr/heracles-ensemble-securite-elfe-heracles-entraxe-70-mm_SKUM83638.html,
WATTS INDUSTRIES,,"
","{'Type de raccordement:': 'Double Femelle', 'Fiche technique fournisseur': '\n'}",,"https://res.cloudinary.com/afdb/image/upload/s--4JpJ3WfW--/c_pad,dpr_auto,f_auto,h_500,w_500/v1/afdb-fr/AFD_156592_.jpeg",081961,Aucun magasin sélectionné,Soupape sanitaire sans prise mano MSV 100 1/2'' WATTS L0207199,,https://www.afdb.fr/watts-industries-soupape-sanitaire-prise-mano-msv-watts-laiton_SKUM4558.html,
WATTS INDUSTRIES,,"
","{'Article:': 'Console nue', 'Fiche technique fournisseur': '\n'}",,"https://res.cloudinary.com/afdb/image/upload/s--Uo08-3_6--/c_pad,dpr_auto,f_auto,h_500,w_500/v1/afdb-fr/AFD_109598_.jpeg",741152,Aucun magasin sélectionné,Console nue pour vase expansion de 5 à 24 L WATTS INDUSTRIE 22L0606100,,https://www.afdb.fr/watts-industries-console-support-watts-vase-expansion_SKUM71895.html,
ELM LEBLANC,,"
","{'Article:': 'TRL7.26RF', 'Fiche technique fournisseur': '\n'}",,"https://res.cloudinary.com/afdb/image/upload/s--0cKoWip---/c_pad,dpr_auto,f_auto,h_500,w_500/v1/afdb-fr/AFD_156417_.jpeg",435872,Aucun magasin sélectionné,Thermostat d'ambiance programmation hebdomadaire Elm Leblanc TRL 7.26 RF - 7716780150,,https://www.afdb.fr/elm-leblanc-thermostat-ambiance-programmation-hebdomadaire-elm-leblanc-trl-7-26-rf-7716780150_SKUM3238.html,
HANGER,,"
","{'Source\xa0lumineuse\xa0:': 'LED', 'Fiche technique fournisseur': '\n'}",,"https://res.cloudinary.com/afdb/image/upload/s--ZwxLcAUK--/c_pad,dpr_auto,f_auto,h_500,w_500/v1/afdb-fr/AFD_281685_.jpeg",857804,Aucun magasin sélectionné,Lampe à LED 18 V LI18-400 (sans batterie ni chargeur) 160 - 400 lm HANGER 406001,,https://www.afdb.fr/hanger-lampe-led-18v-hanger-li18-400-batterie-chargeur-160-400-lm-406001_SKUM221810.html,
THERMADOR,,4 Piquages de chaque côté,{'Garantie:': 'Garantie 2 ans'},,"https://res.cloudinary.com/afdb/image/upload/s--4CqxjRjz--/c_pad,dpr_auto,f_auto,h_500,w_500/v1/afdb-fr/AFD_151715_.jpeg",759645,Aucun magasin sélectionné,Bouteille de mélange THERMADOR inox 50 litres inox  BMELI50SK,,https://www.afdb.fr/thermador-bouteille-melange-4-piquages-cote-inox-thermador_SKUM87000.html,
THERMADOR,,"
","{'Article:': 'EVOSTA2 40-70', 'Fiche technique fournisseur': '\n'}",,"https://res.cloudinary.com/afdb/image/upload/s--3mExwUZI--/c_pad,dpr_auto,f_auto,h_500,w_500/v1/afdb-fr/AFD_96599__.jpeg",759652,Aucun magasin sélectionné,Circulateur électronique chauffage EVOSTA 2 entraxe 180 mm THERMADOR EVA24070180,,https://www.afdb.fr/thermador-circulateur-electronique-evosta-2-thermador-rotor-noye-eva24070180_SKUM87007.html,
HANGER,,"
","{'Tension:': '18 V', 'Fiche technique fournisseur': '\n'}",,"https://res.cloudinary.com/afdb/image/upload/s--7FNJYTPP--/c_pad,dpr_auto,f_auto,h_500,w_500/v1/afdb-fr/AFD_287750_.jpeg",857798,Aucun magasin sélectionné,Perforateur SDS-Plus 18 V HX18-22X5 + 2 batteries 5 Ah + chargeur + Hangbox HANGER 401201,,https://www.afdb.fr/hanger-perforateur-sds-plus-18v-hanger-hx18-22x5-2-batteries-5ah-chargeur-hangbox-401201_SKUM221804.html,
THERMADOR,,"
",{'Hauteur (en mm):': '1010 mm'},,"https://res.cloudinary.com/afdb/image/upload/s--8ffJ1wHd--/c_pad,dpr_auto,f_auto,h_500,w_500/v1/afdb-fr/AFD_145416_.jpeg",767427,Aucun magasin sélectionné,Bouteille de mélange 50 l 2 piquages par cotes THERMADOR BMEL50SKE,,https://www.afdb.fr/thermador-bouteille-melange-2-piquages-cotes_SKUM102486.html,
THERMADOR,,"
","{'Type de raccordement:': 'Mâle', 'Fiche technique fournisseur': '\n'}",,"https://res.cloudinary.com/afdb/image/upload/s--5yG4fItu--/c_pad,dpr_auto,f_auto,h_500,w_500/v1/afdb-fr/AFD_153782_.jpeg",434659,Aucun magasin sélectionné,Purgeur automatique à flotteur avec clapet Thermador - PR2,,https://www.afdb.fr/thermador-purgeur-automatique-flotteur-clapet-thermador-pr2_SKUM87021.html,
ISEO,,"
","{'Type de crémone:': 'En applique', 'Fiche technique fournisseur': '\n'}",,"https://res.cloudinary.com/afdb/image/upload/s--2ugGkKlA--/c_pad,dpr_auto,f_auto,h_500,w_500/v1/afdb-fr/AFD_218896_.jpeg",003250,Indisponible,Crémone en applique STYL'BARR pour serrure en 2 points 2.30m alu satiné ISEO 40002301,,https://www.afdb.fr/iseo-cremone-applique-styl-barr-iseo-serrure-2-points-4000_SKUM4898.html,
CR,,"
",{'Nombre de points de fermeture:': '3'},,"https://res.cloudinary.com/afdb/image/upload/s--226AFj9C--/c_pad,dpr_auto,f_auto,h_500,w_500/v1/afdb-fr/AFD_241059_.jpeg",462450,Aucun magasin sélectionné,Tringle pour serrure 3 points CR finition marron PICARD T942501337,,https://www.afdb.fr/cr-serrure-multipoints-applique-cr-picard-pompe-a2p_SKUM4969.html,
ELM LEBLANC,,Adaptateur vertical  de diamètre 60/100 mm avec prises de mesures.,{'Fiche technique fournisseur': '\n'},,"https://res.cloudinary.com/afdb/image/upload/s--yprwsway--/c_pad,dpr_auto,f_auto,h_500,w_500/v1/afdb-fr/AFD_120051_.jpeg",647893,Indisponible,Adaptateur vertical 60/100 avec prises de mesures AZB 1093 ELM LEBLANC 7719003381,,https://www.afdb.fr/elm-leblanc-adaptateur-vertical-elm-leblanc-prises-mesures-7719003381_SKUM3225.html,
ELM LEBLANC,,"
","{'Puissance:': '22 kW', 'Fiche technique fournisseur': '\n'}",,"https://res.cloudinary.com/afdb/image/upload/s--pmfiUaPJ--/c_pad,dpr_auto,f_auto,h_500,w_500/v1/afdb-fr/AFD_12200__.jpeg",614116,Aucun magasin sélectionné,Chaudière à condensation murale MEGALIS CONDENS GVAC 21-5M ELM LEBLANC 7716704656,,https://www.afdb.fr/elm-leblanc-chaudiere-condensation-megalis-condens-elm-leblanc-murale_SKUM40430.html,
BRICARD,,"
","{'Modèle:': '670', 'Fiche technique fournisseur': '\n'}",,"https://res.cloudinary.com/afdb/image/upload/s--l7S-tVJ---/c_pad,dpr_auto,f_auto,h_500,w_500/v1/afdb-fr/AFD_247977_.jpeg",514809,Indisponible,Ferme-porte série 670 force 2-5 bras à glissière finition argent BRICARD 6720017,,https://www.afdb.fr/bricard-ferme-porte-bricard-670-6720017_SKUM7096.html,
AKW,,"
","{'Matière de la barre:': ""Inox recouvert d'époxy blanc"", 'Fiche technique fournisseur': '\n'}",,"https://res.cloudinary.com/afdb/image/upload/s--rBEfyR5V--/c_pad,dpr_auto,f_auto,h_500,w_500/v1/afdb-fr/AFD_38433__.jpeg",648628,Aucun magasin sélectionné,Barre d'appui en acier inoxydable recouvert d'epoxy droite 300 mm AKW 01240WH,,https://www.afdb.fr/akw-barre-appui-akw-acier-inoxydable-recouvert-epoxy_SKUM48860.html,
UBBINK,,"
","{'Couleur:': 'Noir', 'Fiche technique fournisseur': '\n'}",,"https://res.cloudinary.com/afdb/image/upload/s--3uhAVyya--/c_pad,dpr_auto,f_auto,h_500,w_500/v1/afdb-fr/AFD_115422_.jpeg",653887,Aucun magasin sélectionné,Kit 2 en 1 CHEMILUX B22p-B23p simple paroi D80 noir entrée plafond et mural UBBINK 184448,,https://www.afdb.fr/ubbink-kit-2-1-b22p-b23p-chemilux-condensation-ubbink-d80_SKUM47803.html,
UBBINK,,"
","{'Angle:': '45 °', 'Fiche technique fournisseur': '\n'}",,"https://res.cloudinary.com/afdb/image/upload/s--DC6xmTF7--/c_pad,dpr_auto,f_auto,h_500,w_500/v1/afdb-fr/AFD_115372_.jpeg",409261,Aucun magasin sélectionné,Coude 45° Rolux condensation D60/100 mm PPTL/PP sekurit UBBINK 229200,,https://www.afdb.fr/ubbink-coude-rolux-condensation-ubbink-60-100-mm-sekurit_SKUM117021.html,
UBBINK,,"
",{'Angle:': '45 °'},,"https://res.cloudinary.com/afdb/image/upload/s--n5eMK5iI--/c_pad,dpr_auto,f_auto,h_500,w_500/v1/afdb-fr/AFD_150427_.jpeg",787414,Aucun magasin sélectionné,Coude 45° Rolux Gaz 80/125 Alu/PVC Sekurit UBBINK 229501,,https://www.afdb.fr/ubbink-coude-ventouse-rolux-gaz-ubbink-80-125-alu-pvc-sekurit_SKUM155435.html,
THERMADOR,,"
","{'Capacité:': '50 L', 'Fiche technique fournisseur': '\n'}",,"https://res.cloudinary.com/afdb/image/upload/s--H8w83K1L--/c_pad,dpr_auto,f_auto,h_500,w_500/v1/afdb-fr/AFD_176515_.jpeg",759643,Aucun magasin sélectionné,Bouteille de mélange 50 l 4 piquages par coté THERMADOR BMEL50SK,,https://www.afdb.fr/thermador-bouteille-melange-decantation-thermador-4-piquages-cote_SKUM86995.html,
UBBINK,,"
",{'Diamètre:': '100 mm'},,"https://res.cloudinary.com/afdb/image/upload/s--QoRoIvkC--/c_pad,dpr_auto,f_auto,h_500,w_500/v1/afdb-fr/AFD_115479_.jpeg",372118,Aucun magasin sélectionné,Clams raccord tube à tube pour conduit 60/100 UBBINK 712006,,https://www.afdb.fr/ubbink-clamp-blanc-ubbink-100-mm-712006_SKUM117015.html,
HANGER,,"
",{'Puissance:': '850 W'},,"https://res.cloudinary.com/afdb/image/upload/s--zyh9hzfR--/c_pad,dpr_auto,f_auto,h_500,w_500/v1/afdb-fr/AFD_260700_.jpeg",789813,Indisponible,Perforateur burineur 850 W PG26 K + coffret 7 forets béton 2 taillants Thor HANGER,,https://www.afdb.fr/hanger-perforateur-burineur-850w-hanger-pg26-k-coffret-7-forets-beton-2-taillants-thor_SKUM135926.html,
ISEO,,"
",{'Nombre de points de fermeture:': '3'},,"https://res.cloudinary.com/afdb/image/upload/s--21-zuuks--/c_pad,dpr_auto,f_auto,h_500,w_500/v1/afdb-fr/AFD_142113_.jpeg",371437,Aucun magasin sélectionné,Mécanisme CAVITH 4541 A2P*** horizontale tirage or droite ISEO 9704HTCA01.5,,https://www.afdb.fr/iseo-mecanisme-cavith-iseo-3-points-9704_SKUM39517.html,
ISEO,,"
","{'Type de cylindre:': 'Cylindre européen', 'Fiche technique fournisseur': '\n'}",,"https://res.cloudinary.com/afdb/image/upload/s--Rj23_k-A--/c_pad,dpr_auto,f_auto,h_500,w_500/v1/afdb-fr/AFD_130446_.jpeg",587768,Aucun magasin sélectionné,Serrure monopoint à larder profil étroit pêne dormant demi-tour ELECTA axe 25 mm ISEO 781251B,,https://www.afdb.fr/iseo-serrure-monopoint-larder-iseo-profil-etroit-pene-dormant-demi-tour-electa_SKUM27589.html,
ISEO,,"
","{'Longueur:': '2,3 m', 'Fiche technique fournisseur': '\n'}",,"https://res.cloudinary.com/afdb/image/upload/s--y6-GgzJh--/c_pad,dpr_auto,f_auto,h_500,w_500/v1/afdb-fr/AFD_215270_.jpeg",209109,Aucun magasin sélectionné,"Crémone pompier à poignée rotative L 2,3 m Alu ISEO 43002301",,https://www.afdb.fr/iseo-cremone-pompier-iseo-poignee-rotative_SKUM39003.html,
HANGER,,"
",{'Puissance:': '850 W'},,"https://res.cloudinary.com/afdb/image/upload/s--HbhrTLyt--/c_pad,dpr_auto,f_auto,h_500,w_500/v1/afdb-fr/AFD_180453_.jpeg",751036,Aucun magasin sélectionné,Perforateur burineur SDS-Plus 850 W PG26K + coffret HANGBOX  HANGER 160002,,https://www.afdb.fr/hanger-perforateur-burineur-sds-plus-850w-hanger-pg26k-coffret-hangbox-160002_SKUM84501.html,
ISEO,,"
","{'Tétière:': '24 x 6 mm', 'Fiche technique fournisseur': '\n'}",,"https://res.cloudinary.com/afdb/image/upload/s--ZyRVNKNe--/c_pad,dpr_auto,f_auto,h_500,w_500/v1/afdb-fr/AFD_130224_.jpeg",485972,Aucun magasin sélectionné,Serrure 3 points Multiblindo axe 25 mm avec têtière en U inox ISEO 795101252,,https://www.afdb.fr/iseo-serrure-larder-iseo-3-points-multiblindo_SKUM4900.html,
THERMADOR,,"
","{'Diamètre de raccordement:': ""1''1/2 - 1 '""}",,"https://res.cloudinary.com/afdb/image/upload/s--7BHdJeIw--/c_pad,dpr_auto,f_auto,h_500,w_500/v1/afdb-fr/AFD_146825_.jpeg",408194,Aucun magasin sélectionné,Raccord union fonte G 1''1/2 - 1'' femelle THERMADOR ZRU26,,https://www.afdb.fr/thermador-raccord-union-fonte-g-1-1-2-1-thermador-zru26_SKUM132508.html,
WATTS INDUSTRIES,,"
","{'Finition du produit:': 'Laiton', 'Fiche technique fournisseur': '\n'}",,"https://res.cloudinary.com/afdb/image/upload/s--o9D8rqld--/c_pad,dpr_auto,f_auto,h_500,w_500/v1/afdb-fr/AFD_156604_.jpeg",081992,Aucun magasin sélectionné,Purgeur d'eau automatique MINIVENT MV 10 R WATTS L0250110,,https://www.afdb.fr/watts-industries-purgeur-air-automatique-minivent-watts-10-bar_SKUM2313.html,
WATTS INDUSTRIES,,"
",{'Finition du produit:': 'Brut'},,"https://res.cloudinary.com/afdb/image/upload/s--YvsAjeVO--/c_pad,dpr_auto,f_auto,h_500,w_500/v1/afdb-fr/AFD_109416_.jpeg",741140,Aucun magasin sélectionné,Purgeur d'air à volant rotatif 1/8'' WATTS 101332,,https://www.afdb.fr/watts-industries-purgeur-air-watts-volant-rotatif_SKUM71884.html,
WATTS INDUSTRIES,,"
",{'Finition du produit:': 'Chromée'},,"https://res.cloudinary.com/afdb/image/upload/s--o6L0kY8g--/c_pad,dpr_auto,f_auto,h_500,w_500/v1/afdb-fr/AFD_154357_.jpeg",082014,Aucun magasin sélectionné,Purgeur de radiateur PMC 15  à bec orientable à carré WATTS L0256315,,https://www.afdb.fr/watts-industries-purgeur-radiateur-bec-orientable-watts-carre-l0256315_SKUM120107.html,
WATTS INDUSTRIES,,"
",{'Finition du produit:': 'Chromée'},,"https://res.cloudinary.com/afdb/image/upload/s--RFhvhK2K--/c_pad,dpr_auto,f_auto,h_500,w_500/v1/afdb-fr/AFD_156595_.jpeg",741147,Aucun magasin sélectionné,Purgeur d'air à bec orientable PMC 15 à carré Watts - 22L0256315,,https://www.afdb.fr/watts-industries-purgeur-air-bec-orientable-pmc-15-carre-watts-22l0256315_SKUM71893.html,
GARIS,,Clé pour purgeur d'air à carré.,{'Article:': 'Clé purgeur à carré'},,"https://res.cloudinary.com/afdb/image/upload/s--y1nXwdsi--/c_pad,dpr_auto,f_auto,h_500,w_500/v1/afdb-fr/AFD_152210_.jpeg",062518,Aucun magasin sélectionné,Clé pour purgeur carré de 4 - GARIS - D25001B,,https://www.afdb.fr/garis-cle-purgeur-carre-4-garis_SKUM35276.html,
WATTS INDUSTRIES,,"
",{'Article:': 'Carré de 4'},,"https://res.cloudinary.com/afdb/image/upload/s--R-TBjuNT--/c_pad,dpr_auto,f_auto,h_500,w_500/v1/afdb-fr/AFD_109426_.jpeg",741143,Aucun magasin sélectionné,Clé de purgeur carré de 4 WATTS INDUSTRIE 101403,,https://www.afdb.fr/watts-industries-cle-carre-watts-purgeur-air_SKUM71886.html,
UBBINK,,"
",{'Modèle:': 'A cheville'},,"https://res.cloudinary.com/afdb/image/upload/s--kviQsn0Z--/c_pad,dpr_auto,f_auto,h_500,w_500/v1/afdb-fr/AFD_113009_.jpeg",409269,Aucun magasin sélectionné,Collier galvanisé blanc à cheville D100 UBBINK 308410,,https://www.afdb.fr/ubbink-collier-galvanise-blanc-cheville-ubbink-conduit-d100-308410_SKUM2384.html,
UBBINK,,"
",{'Diamètre intérieur:': '60 mm'},,"https://res.cloudinary.com/afdb/image/upload/s--YxCAE2AS--/c_pad,dpr_auto,f_auto,h_500,w_500/v1/afdb-fr/AFD_157843_.jpeg",409268,Aucun magasin sélectionné,Conduit Rolux Gaz 60/100 mm alu/PVC Ubbink -  227352,,https://www.afdb.fr/ubbink-conduit-rolux-gaz-60-100-mm-alu-pvc-ubbink_SKUM117013.html,
UBBINK,,"
","{'Angle:': '45 °', 'Fiche technique fournisseur': '\n'}",,"https://res.cloudinary.com/afdb/image/upload/s--_XO0cnR7--/c_pad,dpr_auto,f_auto,h_500,w_500/v1/afdb-fr/AFD_113024_.jpeg",409262,Aucun magasin sélectionné,Coude 45° Rolux vent 60/100 Alu/PVC UBBINK 227201,,https://www.afdb.fr/ubbink-coude-rolux-gaz-ubbink-60-100-alu-pvc_SKUM2380.html,
UBBINK,,"
","{'Diamètre intérieur / extérieur:': '60/100 mm', 'Fiche technique fournisseur': '\n'}",,"https://res.cloudinary.com/afdb/image/upload/s--EE6soPMy--/c_pad,dpr_auto,f_auto,h_500,w_500/v1/afdb-fr/AFD_156339_.jpeg",435166,Aucun magasin sélectionné,Terminal horizontal aluminium Rolux gaz 60/100 UBBINK 227104,,https://www.afdb.fr/ubbink-terminal-horizontal-rolux-ubbink-gaz-60-100-227104_SKUM2379.html,
ELM LEBLANC,,Dosseret d'installation (3bouteilles) pour Odéalis CONDENS.,{'Modèle:': 'Elm Leblanc'},,"https://res.cloudinary.com/afdb/image/upload/s--72CUaWI3--/c_pad,dpr_auto,f_auto,h_500,w_500/v1/afdb-fr/AFD_152598_.jpeg",786215,Aucun magasin sélectionné,Dosseret réserve ECS ODEALIS 42 L cert gaz ELM LEBLANC 7716701529,,https://www.afdb.fr/elm-leblanc-dosseret-reserve-elm-leblanc-ecs-odealis-42-7716701529_SKUM132075.html,
UBBINK,,"
","{'Diamètre intérieur / extérieur:': '60/100 mm', 'Fiche technique fournisseur': '\n'}",,"https://res.cloudinary.com/afdb/image/upload/s--S9-qjNim--/c_pad,dpr_auto,f_auto,h_500,w_500/v1/afdb-fr/AFD_157739_.jpeg",749380,Aucun magasin sélectionné,Terminal horizontal ROLUX RENOFIT condensation 60/100 UBBINK 229410,,https://www.afdb.fr/ubbink-terminal-ventouse-horizontal-rolux-renofit-condensation-ubbink-60-100-mm-229410_SKUM83524.html,
HERACLES,,"
",{'Modèle:': 'TF 3000'},,"https://res.cloudinary.com/afdb/image/upload/s--ycORxSCX--/c_pad,dpr_auto,f_auto,h_500,w_500/v1/afdb-fr/AFD_142055_.jpeg",532459,Aucun magasin sélectionné,Serrure à larder 3 points série 3000 standard 2040 x 18 mm bronze HERACLES I-TF3000-V,,https://www.afdb.fr/heracles-serrure-larder-3-points-serie-tf3000-heracles_SKUM10210.html,
HERACLES,,"
",{'Tétière:': '24 x 3 mm'},,"https://res.cloudinary.com/afdb/image/upload/s--B3v24OUe--/c_pad,dpr_auto,f_auto,h_500,w_500/v1/afdb-fr/AFD_224607_.jpeg",849430,Aucun magasin sélectionné,Coffre chaufferie carré de 9 clé I entraxe 72 mm HERACLES I-L072-65X,,https://www.afdb.fr/heracles-coffre-monopoint-larder-chaufferie-heracles-cle-i-i-l072-65x_SKUM213359.html,
FTH THIRARD,,"
","{'Finition:': 'Noir', 'Fiche technique fournisseur': '\n'}",,"https://res.cloudinary.com/afdb/image/upload/s--C2UIiMUU--/c_pad,dpr_auto,f_auto,h_500,w_500/v1/afdb-fr/AFD_288408_.jpeg",580367,Aucun magasin sélectionné,Ensemble sur plaque béquille double noire carré 9 mm THIRARD 00097101,,https://www.afdb.fr/fth-thirard-ensemble-plaque-thirard-serrure-chaufferie-00097101_SKUM126639.html,
FTH THIRARD,,"
",{'Type de cylindre:': 'Cylindre européen'},,"https://res.cloudinary.com/afdb/image/upload/s--BgBFfi8e--/c_pad,dpr_auto,f_auto,h_500,w_500/v1/afdb-fr/AFD_125514_.jpeg",209730,Aucun magasin sélectionné,Serrure monopoint à larder de chaufferie Clé I axe 65 mm FTH THIRARD 001739,,https://www.afdb.fr/fth-thirard-serrure-fth_thirard-monopoint-larder-chaufferie_SKUM5144.html,
Stremler ASSA ABLOY,,"
","{'Modèle:': 'Gâche centrale', 'Fiche technique fournisseur': '\n'}",,"https://res.cloudinary.com/afdb/image/upload/s--fV-4JdQR--/c_pad,dpr_auto,f_auto,h_500,w_500/v1/afdb-fr/AFD_4644___.jpeg",019238,Aucun magasin sélectionné,Gâche plate inox largeur 22 x 175 mm STREMLER 2835.00.0,,https://www.afdb.fr/stremler-assa-abloy-gache-stremler-serrure-encastrer_SKUM39044.html,
UBBINK,,"
","{'Diamètre intérieur:': '80 mm', 'Fiche technique fournisseur': '\n'}",,"https://res.cloudinary.com/afdb/image/upload/s--BNPKtP22--/c_pad,dpr_auto,f_auto,h_500,w_500/v1/afdb-fr/AFD_157849_.jpeg",372097,Aucun magasin sélectionné,Conduit coulissant Rolux Gaz 80/125 alu/PVC UBBINK 224054,,https://www.afdb.fr/ubbink-conduit-telescopique-rolux-gaz-ubbink-80-125-alu-pvc-224054_SKUM32136.html,
HANGER,,"
",{'Qualité:': 'standard'},,"https://res.cloudinary.com/afdb/image/upload/s--eWOuYIgj--/c_pad,dpr_auto,f_auto,h_500,w_500/v1/afdb-fr/AFD_270573_.jpeg",536096,Aucun magasin sélectionné,"Carte de 3 embouts plats 0,6 x 4 mm longueur 25 mm HANGER 133034",,https://www.afdb.fr/hanger-embouts-standard-hanger-vis-fente_SKUM20252.html,
UBBINK,,"
",{'Diamètre:': '80 - 125 mm'},,"https://res.cloudinary.com/afdb/image/upload/s--I6PrLvf4--/c_pad,dpr_auto,f_auto,h_500,w_500/v1/afdb-fr/AFD_157614_.jpeg",372092,Aucun magasin sélectionné,Terminal horizontal Rolux Gaz 80/125 mm UBBINK 223093,,https://www.afdb.fr/ubbink-terminal-horizontal-rolux-gaz-ubbink-80-125-mm-223093_SKUM120725.html,
METALUX,,"
","{'Modèle:': 'Double empennage', 'Fiche technique fournisseur': '\n'}",,"https://res.cloudinary.com/afdb/image/upload/s--1pW0GDtN--/c_pad,dpr_auto,f_auto,h_500,w_500/v1/afdb-fr/AFD_13672__.jpeg",041187,Aucun magasin sélectionné,Gâches à talon pour serrures monopoint double empennage inox METALUX F150080000,,https://www.afdb.fr/metalux-gache-metalux-serrures-monopoint_SKUM39028.html,
UBBINK,,"
",{'Diamètre intérieur:': '80 mm'},,"https://res.cloudinary.com/afdb/image/upload/s--0_QkouXG--/c_pad,dpr_auto,f_auto,h_500,w_500/v1/afdb-fr/AFD_157846_.jpeg",372096,Aucun magasin sélectionné,Conduit Rolux gaz 80/125 mm Alu/PVC 500 mm UBBINK 228541,,https://www.afdb.fr/ubbink-conduit-rolux-gaz-alu-pvc-ubbink-80-125-mm_SKUM2382.html,
HANGER,,"
",{'Qualité:': 'Impact'},,"https://res.cloudinary.com/afdb/image/upload/s--GZ0rb-w1--/c_pad,dpr_auto,f_auto,h_500,w_500/v1/afdb-fr/AFD_279512_.jpeg",749737,Aucun magasin sélectionné,Coffret embouts impact Hanger 31 pièces,,https://www.afdb.fr:443/INTERSHOP/web/WFS/AFDB-B2B-Site/fr_FR/-/EUR/ViewProduct-Start?SKU=M84074,
UBBINK,,"
",{'Diamètre:': '80 - 125 mm'},,"https://res.cloudinary.com/afdb/image/upload/s--n5eMK5iI--/c_pad,dpr_auto,f_auto,h_500,w_500/v1/afdb-fr/AFD_150427_.jpeg",372098,Aucun magasin sélectionné,Coude 45° Rolux Sekurit gaz 80/125 mm Alu/PVC UBBINK 228501,,https://www.afdb.fr/ubbink-coude-rolux-sekurit-ubbink-gaz-80-125-alu-pvc_SKUM117017.html,
UBBINK,,"
","{'Couleur:': 'Noir', 'Fiche technique fournisseur': '\n'}",,"https://res.cloudinary.com/afdb/image/upload/s--Tffxoldg--/c_pad,dpr_auto,f_auto,h_500,w_500/v1/afdb-fr/AFD_156341_.jpeg",372091,Aucun magasin sélectionné,Terminal vertical Rolux gaz concentrique 80/125 noir UBBINK 184118,,https://www.afdb.fr/ubbink-terminal-vertical-rolux-ubbink-gaz-concentrique-80-125_SKUM2381.html,
HANGER,,Embout de vissage professionnel pour toutes applications dans l'industrie et le bâtiment.,{'Qualité:': 'Impact'},,"https://res.cloudinary.com/afdb/image/upload/s--tFceJdtP--/c_pad,dpr_auto,f_auto,h_500,w_500/v1/afdb-fr/AFD_178631_.jpeg",780094,Aucun magasin sélectionné,2 embouts impact 1/4'' cruciforme PH3 longueur 50 mm HANGER 134053,,https://www.afdb.fr/hanger-embouts-impact-hanger-vis-cruciformes-ph_SKUM126792.html,
HANGER,,"
",{'Type:': 'Noix de serrage magnétique'},,"https://res.cloudinary.com/afdb/image/upload/s--jeOTsYQM--/c_pad,dpr_auto,f_auto,h_500,w_500/v1/afdb-fr/AFD_270651_.jpeg",780090,Aucun magasin sélectionné,Noix de serrage magnétique impact 6 x 65 mm HANGER 134021,,https://www.afdb.fr/hanger-noix-serrage-hanger-magnetique-impact_SKUM86334.html,
VACHETTE,,"
","{'Modèle:': 'D458', 'Fiche technique fournisseur': '\n'}",,"https://res.cloudinary.com/afdb/image/upload/s--5KGTlBe1--/c_pad,dpr_auto,f_auto,h_500,w_500/v1/afdb-fr/AFD_218775_.jpeg",584339,Aucun magasin sélectionné,Monopoint à larder d’urgence D458,,https://www.afdb.fr/vachette-monopoint-larder-urgence-d458_SKUM32776.html,
VACHETTE,,"
","{'Modèle:': 'D457', 'Fiche technique fournisseur': '\n'}",,"https://res.cloudinary.com/afdb/image/upload/s--1MDFdPw0--/c_pad,dpr_auto,f_auto,h_500,w_500/v1/afdb-fr/AFD_142905_.jpeg",584337,Aucun magasin sélectionné,Monopoint à larder d’urgence D457,,https://www.afdb.fr/vachette-monopoint-larder-urgence-d457_SKUM32777.html,
VACHETTE,,"
",{'Modèle:': 'D456'},,"https://res.cloudinary.com/afdb/image/upload/s--NYqA7psR--/c_pad,dpr_auto,f_auto,h_500,w_500/v1/afdb-fr/AFD_252783_.jpeg",482604,Aucun magasin sélectionné,Monopoint à larder d’urgence D456,,https://www.afdb.fr/vachette-monopoint-larder-urgence-d456_SKUM6768.html,
VACHETTE,,"
","{'Modèle:': 'D459', 'Fiche technique fournisseur': '\n'}",,"https://res.cloudinary.com/afdb/image/upload/s--d--lAjs8--/c_pad,dpr_auto,f_auto,h_500,w_500/v1/afdb-fr/AFD_121202_.jpeg",435548,Aucun magasin sélectionné,Serrure monopoint à larder D459 urgence axe 50 mm T20 bout rond finition noir VACHETTE 14503000,,https://www.afdb.fr/vachette-serrure-monopoint-vachette-larder-d459-urgence-145_SKUM4776.html,
HERACLES,,"
","{'Tétière:': '24 x 2,5 mm'}",,"https://res.cloudinary.com/afdb/image/upload/s--dOGc8Pg8--/c_pad,dpr_auto,f_auto,h_500,w_500/v1/afdb-fr/AFD_218959_.jpeg",406942,Aucun magasin sélectionné,Coffre monopoint à larder profil étroit 780/36 S/G entraxe 92 mm Héraclès MX-F1783602,,https://www.afdb.fr/heracles-monopoint-larder-profil-etroit-entraxe-92-mm-heracles_SKUM4732.html,
HERACLES,,,{'Modèle:': 'TF3000 / TF3100'},,"https://res.cloudinary.com/afdb/image/upload/s---c4REqA_--/c_pad,dpr_auto,f_auto,h_500,w_500/v1/afdb-fr/AFD_143772_.jpeg",778976,Aucun magasin sélectionné,Jeu de gâches plates pour serrure Multipoints Série TF3000 et TF3100 Héraclès,,https://www.afdb.fr/heracles-jeu-gaches-serrure-larder-multipoints-serie-tf-heracles_SKUM126221.html,
HERACLES,,Serrure 5 points de sureté à larder pour cylindre européen à panneton DIN.,{'Modèle:': 'TF 5000V'},,"https://res.cloudinary.com/afdb/image/upload/s--xhLG0gte--/c_pad,dpr_auto,f_auto,h_500,w_500/v1/afdb-fr/AFD_13645__.jpeg",532462,Aucun magasin sélectionné,Serrure à larder 5 points Heracles Série 5000V Standard pênes ronds écartés de 100mm TR2S1702F20,,https://www.afdb.fr/heracles-serrure-5-points-larder-serie-tf5000-heracles_SKUM10212.html,
HANGER,,Douille magnétique mâle 6 pans.,{'Qualité:': 'Standard'},,"https://res.cloudinary.com/afdb/image/upload/s--BHRpXnWJ--/c_pad,dpr_auto,f_auto,h_500,w_500/v1/afdb-fr/AFD_25995__.jpeg",536110,Aucun magasin sélectionné,Noix de serrage magnétique 8 x 50 mm HANGER 134002,,https://www.afdb.fr/hanger-noix-serrage-magnetique-hanger_SKUM20254.html,
HANGER,,"
","{'Queue:': ""Hexagonale 1/4'""}",,"https://res.cloudinary.com/afdb/image/upload/s--abI6_syO--/c_pad,dpr_auto,f_auto,h_500,w_500/v1/afdb-fr/AFD_270608_.jpeg",515341,Aucun magasin sélectionné,Porte-embout magnétique 60 mm HANGER 250010,,https://www.afdb.fr/hanger-porte-embout-hanger-magnetique-60-mm-250010_SKUM15296.html,
TESA,,"
","{'Modèle:': 'Pêne coulissant', 'Fiche technique fournisseur': '\n'}",,"https://res.cloudinary.com/afdb/image/upload/s--KVgLpixe--/c_pad,dpr_auto,f_auto,h_500,w_500/v1/afdb-fr/AFD_248571_.jpeg",214049,Aucun magasin sélectionné,Coffre monopoint ancien model axe 20 mm carré de 8 mm TESA 421028AI,,https://www.afdb.fr/tesa-coffre-monopoint-larder-tesa-profil-etroit-4210_SKUM5054.html,
METALUX,,"
","{'Modèle:': '922', 'Fiche technique fournisseur': '\n'}",,"https://res.cloudinary.com/afdb/image/upload/s--WU7G36F3--/c_pad,dpr_auto,f_auto,h_500,w_500/v1/afdb-fr/AFD_270117_.jpeg",042264,Aucun magasin sélectionné,Serrure de grille ARRAS 922 gauche - METALUX - FF09222070,,https://www.afdb.fr/metalux-serrure-monopoint-metalux-applique-grille-ff092_SKUM30603.html,
HERACLES,,"
",{'Modèle:': 'KESO 8000'},,"https://res.cloudinary.com/afdb/image/upload/s--Hq1C9jyF--/c_pad,dpr_auto,f_auto,h_500,w_500/v1/afdb-fr/AFD_276279_.jpeg",853478,Aucun magasin sélectionné,Serrure monopoint KESO 8000 horizontale tirage cylindre de 45 mm droite HERACLES 120300-56-1AFB,,https://www.afdb.fr/heracles-monopoint-applique-heracles-keso-8000_SKUM217183.html,
Stremler ASSA ABLOY,,"
","{'Tétière:': '22 x 2,5 mm', 'Fiche technique fournisseur': '\n'}",,"https://res.cloudinary.com/afdb/image/upload/s--7HKS5j4T--/c_pad,dpr_auto,f_auto,h_500,w_500/v1/afdb-fr/AFD_125359_.jpeg",019179,Aucun magasin sélectionné,Serrure monopoint à larder cylindre pêne dormant demi-tour longueur 36 mm STREMLER 2460.36.0,,https://www.afdb.fr/stremler-assa-abloy-serrure-monopoint-larder-serie-2460-stremler-coffre-etroit-acier_SKUM5131.html,
JPM,,"
","{'Type de serrure:': 'En applique', 'Fiche technique fournisseur': '\n'}",,"https://res.cloudinary.com/afdb/image/upload/s--s7mY1T7I--/c_pad,dpr_auto,f_auto,h_500,w_500/v1/afdb-fr/AFD_121562_.jpeg",126462,Aucun magasin sélectionné,Serrure 1 point VEGA horizontal tirage cylindre 45 mm droite JPM 120300-01-1A,,https://www.afdb.fr/jpm-monopoint-applique-vega-jpm-horizontal_SKUM4827.html,
METALUX,,"
",{'Axe de serrure:': '30 mm'},,"https://res.cloudinary.com/afdb/image/upload/s--Vy5r5WFW--/c_pad,dpr_auto,f_auto,h_500,w_500/v1/afdb-fr/AFD_4574___.jpeg",041918,Aucun magasin sélectionné,Monopoint en applique GOLLOT 1520 bec de cane,,https://www.afdb.fr/metalux-monopoint-applique-gollot-1520-bec-cane_SKUM39983.html,
CISA,,"
","{'Modèle de serrure:': 'Horizontale', 'Fiche technique fournisseur': '\n'}",,"https://res.cloudinary.com/afdb/image/upload/s--dC7ScK6a--/c_pad,dpr_auto,f_auto,h_500,w_500/v1/afdb-fr/AFD_121575_.jpeg",127962,Indisponible,Serrure monopoint en applique horizontale à tirage 40 mm droite CISA 501210-01-1A,,https://www.afdb.fr/cisa-serrure-monopoint-applique-cisa-horizontale-tirage-couleur-noir_SKUM4830.html,
HERACLES,,"
",{'Type de serrure:': 'En applique'},,"https://res.cloudinary.com/afdb/image/upload/s--RHlnutZc--/c_pad,dpr_auto,f_auto,h_500,w_500/v1/afdb-fr/AFD_44567__.jpeg",689990,Aucun magasin sélectionné,Serrure monopoint en applique MX4500 SR horizntale tirage cylindre 45 mm droite Héraclès MX-4553-SR-1,,https://www.afdb.fr/heracles-serrure-monopoint-applique-mx4500-sr-cylindre-45-mm-brun-tane-heracles_SKUM49944.html,
FTH THIRARD,,"
","{'Modèle:': 'Serrure à cylindre et bouton, à tirage', 'Fiche technique fournisseur': '\n'}",,"https://res.cloudinary.com/afdb/image/upload/s--xzO4SPUk--/c_pad,dpr_auto,f_auto,h_500,w_500/v1/afdb-fr/AFD_271661_.jpeg",033632,Aucun magasin sélectionné,Serrure garage bouton tirage 140 x 90 mm droite THIRARD 00000047,,https://www.afdb.fr/fth-thirard-serrure-applique-thirard-porte-garage_SKUM8744.html,
FTH THIRARD,,"
","{'Modèle:': '""Ne pas toucher', 'Fiche technique fournisseur': '\n'}",,"https://res.cloudinary.com/afdb/image/upload/s--8OFCXJDR--/c_pad,dpr_auto,f_auto,h_500,w_500/v1/afdb-fr/AFD_175471_.jpeg",585214,Aucun magasin sélectionné,Lot de 10 étiquettes de consignation 'Ne pas toucher' FTH THIRARD 091131,,https://www.afdb.fr/fth-thirard-lot-10-etiquettes-consignation-fth-thirard-langue-fr-gb_SKUM33783.html,
METALUX,,"
","{'Modèle:': 'Sans gâche', 'Fiche technique fournisseur': '\n'}",,"https://res.cloudinary.com/afdb/image/upload/s--sKwhjuMJ--/c_pad,dpr_auto,f_auto,h_500,w_500/v1/afdb-fr/AFD_252358_.jpeg",040938,Aucun magasin sélectionné,Coffre monopoint à larder 7/36 entraxe 85 mm sans gâche METALUX F107360100,,https://www.afdb.fr/metalux-serrure-monopoint-metalux-larder-serie-7_SKUM5105.html,
FTH THIRARD,,"
","{'Finition:': 'Laqué époxy blanc', 'Fiche technique fournisseur': '\n'}",,"https://res.cloudinary.com/afdb/image/upload/s--9X8HWoZM--/c_pad,dpr_auto,f_auto,h_500,w_500/v1/afdb-fr/AFD_125363_.jpeg",486218,Aucun magasin sélectionné,Boite à clés applique pour cylindre européen THIRARD 00012232,,https://www.afdb.fr/fth-thirard-boite-cle-thirard-applique-cylindre-interchangeable-europeen-00012232_SKUM5042.html,
FTH THIRARD,,"
","{'Sens:': 'Droite', 'Fiche technique fournisseur': '\n'}",,"https://res.cloudinary.com/afdb/image/upload/s--gm44SGJU--/c_pad,dpr_auto,f_auto,h_500,w_500/v1/afdb-fr/AFD_263283_.jpeg",585145,Aucun magasin sélectionné,Serrure d'armoire FACON paris longueur 50 mm axe 25 mm droite 1 clé THIRARD 00008350,,https://www.afdb.fr/fth-thirard-serrure-armoire-facon-paris-thirard1-cle-000083_SKUM33704.html,
METALUX,,"
","{'Carré:': '8 mm', 'Fiche technique fournisseur': '\n'}",,"https://res.cloudinary.com/afdb/image/upload/s--KVz7Tr7P--/c_pad,dpr_auto,f_auto,h_500,w_500/v1/afdb-fr/AFD_33518__.jpeg",041344,Aucun magasin sélectionné,Serrure à larder 3 points coffre 92MTX U7 45 mm METALUX F1U7450200,,https://www.afdb.fr/metalux-serrure-larder-metalux-3-points-u7-pene-dormant-demi-tour_SKUM5100.html,
FTH THIRARD,,"
","{'Article:': 'Clé décondamnation', 'Fiche technique fournisseur': '\n'}",,"https://res.cloudinary.com/afdb/image/upload/s--1AYsXg_9--/c_pad,dpr_auto,f_auto,h_500,w_500/v1/afdb-fr/AFD_266260_.jpeg",585241,Aucun magasin sélectionné,Clé de décondamnation verrou WC THIRARD 00999954,,https://www.afdb.fr/fth-thirard-verrou-automatique-wc-voyant-alouette_SKUM33697.html,
METALUX,,"
","{'Modèle:': 'Série 34', 'Fiche technique fournisseur': '\n'}",,"https://res.cloudinary.com/afdb/image/upload/s--HhEShJlG--/c_pad,dpr_auto,f_auto,h_500,w_500/v1/afdb-fr/AFD_130235_.jpeg",041109,Aucun magasin sélectionné,Serrure 3 points coffre 34x40 METALUX F134300000,,https://www.afdb.fr/metalux-serrure-larder-metalux-3-points-entraxe-70-mm-tringles_SKUM5101.html,
Stremler ASSA ABLOY,,"
","{'Modèle:': 'Condamnation par tringles plates', 'Fiche technique fournisseur': '\n'}",,"https://res.cloudinary.com/afdb/image/upload/s--57pQYSsC--/c_pad,dpr_auto,f_auto,h_500,w_500/v1/afdb-fr/AFD_15288__.jpeg",019127,Aucun magasin sélectionné,Serrure 3 points pêne dormant demi-tour 41 mm pour tringle plate STREMLER 2270.41.TI24,,https://www.afdb.fr/stremler-assa-abloy-serrure-larder-3-points-stremler-tringles-pene-dormant-1-2-tour-serie-2270_SKUM5125.html,
FTH THIRARD,,"
","{'Article:': 'Paire de protège gonds', 'Fiche technique fournisseur': '\n'}",,"https://res.cloudinary.com/afdb/image/upload/s--z_hD8yB3--/c_pad,dpr_auto,f_auto,h_500,w_500/v1/afdb-fr/AFD_287846_.jpeg",617695,Aucun magasin sélectionné,Paire de protège gonds THIRARD 00025000,,https://www.afdb.fr/fth-thirard-protege-gonds-fth-thirard-paire-00025000_SKUM42127.html,
Stremler ASSA ABLOY,,"
",{'Fiche technique fournisseur': '\n'},,"https://res.cloudinary.com/afdb/image/upload/s--hXC3rWJg--/c_pad,dpr_auto,f_auto,h_500,w_500/v1/afdb-fr/AFD_125386_.jpeg",019249,Stock limité,Kit de tringlerie pour serrures multipoints diamètre 8 mm + accessoires STREMLER 2837.00.0,,https://www.afdb.fr/stremler-assa-abloy-kit-tringlerie-stremler-serrures-multipoints-2837-00-0_SKUM5132.html,
Stremler ASSA ABLOY,,"
","{'Modèle:': 'Têtière en U de 24 x 6', 'Fiche technique fournisseur': '\n'}",,"https://res.cloudinary.com/afdb/image/upload/s--CLK2O_RG--/c_pad,dpr_auto,f_auto,h_500,w_500/v1/afdb-fr/AFD_15310__.jpeg",020043,Aucun magasin sélectionné,Serrure 3 points TF3 pêne dormant/demi-tour 36 mm têtière en U 24 x 6 mm STREMLER 6370.36.0A,,https://www.afdb.fr/stremler-assa-abloy-serrure-multipoints-tf3-stremler-pene-dormant-demi-tour-serie-6370_SKUM8085.html,
Stremler ASSA ABLOY,,,{'Charge maxi:': '35'},,"https://res.cloudinary.com/afdb/image/upload/s--NPUZTn1j--/c_pad,dpr_auto,f_auto,h_500,w_500/v1/afdb-fr/fallback.png",791685,Aucun magasin sélectionné,Kit platines et pinces pour écran de fenêtre,,https://www.afdb.fr/stremler-assa-abloy-kit-platines-pinces-ecran-fenetre_SKUM150259.html,
CISA,,"
","{'Modèle de serrure:': 'Horizontale', 'Fiche technique fournisseur': '\n'}",,"https://res.cloudinary.com/afdb/image/upload/s--3a0KyWw7--/c_pad,dpr_auto,f_auto,h_500,w_500/v1/afdb-fr/AFD_235034_.jpeg",128056,Aucun magasin sélectionné,Monopoint en applique horizontal à fouillot,,https://www.afdb.fr/cisa-monopoint-applique-horizontal-fouillot_SKUM39019.html,
JEAN JOURJON,,"
","{'Modèle:': 'Bague + ténon', 'Fiche technique fournisseur': '\n'}",,"https://res.cloudinary.com/afdb/image/upload/s--rqZm4cW7--/c_pad,dpr_auto,f_auto,h_500,w_500/v1/afdb-fr/AFD_287819_.jpeg",756962,Aucun magasin sélectionné,Renfort de paumelles complet 1 bague + 1 ténon JEAN JOURJON 621334,,https://www.afdb.fr/jean-jourjon-renfort-paumelles-jean-jourjon-bague-teton-621334_SKUM86343.html,
GUITEL,,"
",{},,"https://res.cloudinary.com/afdb/image/upload/s--_DBhiyZV--/c_pad,dpr_auto,f_auto,h_500,w_500/v1/afdb-fr/AFD_6483___.jpeg",024055,Aucun magasin sélectionné,Renfort de paumelle Guitel,,https://www.afdb.fr/guitel-renfort-paumelle-guitel_SKUM6149.html,
VACHETTE,,"
",{'Sens:': 'Droit'},,"https://res.cloudinary.com/afdb/image/upload/s--oNx6GVhH--/c_pad,dpr_auto,f_auto,h_500,w_500/v1/afdb-fr/AFD_263285_.jpeg",137919,Aucun magasin sélectionné,Serrure de boites aux lettres 30 mm canon 17 mm droite VACHETTE 12010000,,https://www.afdb.fr/vachette-serrure-boites-lettres-vachette-30-mm-canon-17-mm-2383_SKUM6076.html,
VACHETTE,,"
",{'Sens:': 'Réversible'},,"https://res.cloudinary.com/afdb/image/upload/s--gJm3OfkU--/c_pad,dpr_auto,f_auto,h_500,w_500/v1/afdb-fr/AFD_263307_.jpeg",021601,Aucun magasin sélectionné,Serrure vitrines à pattes largeur 30 mm zingué VACHETTE 11220000,,https://www.afdb.fr/vachette-serrure-pattes-vachette-881-zingue-1122_SKUM39446.html,
BURG,,"
",{'Article:': 'Caissette à monnaie'},,"https://res.cloudinary.com/afdb/image/upload/s--vZaF1gmP--/c_pad,dpr_auto,f_auto,h_500,w_500/v1/afdb-fr/AFD_250505_.jpeg",377035,Aucun magasin sélectionné,Caisse à monnaie,,https://www.afdb.fr/burg-caisse-monnaie_SKUM8473.html,
HERACLES,,"
",{'Modèle:': 'Mini'},,"https://res.cloudinary.com/afdb/image/upload/s--SiPSFBlj--/c_pad,dpr_auto,f_auto,h_500,w_500/v1/afdb-fr/AFD_221878_.jpeg",761022,Aucun magasin sélectionné,Coffre à clés HERABOX à combinaison à fixer mini Héraclès  PCA-HERABOX-S,,https://www.afdb.fr/heracles-coffre-cles-mini-combinaison-fixer-heracles-herabox_SKUM88066.html,
CISA,,"
",{'Type de cylindre:': 'Cylindre européen'},,"https://res.cloudinary.com/afdb/image/upload/s--7Fc55UqG--/c_pad,dpr_auto,f_auto,h_500,w_500/v1/afdb-fr/AFD_31635__.jpeg",127911,Aucun magasin sélectionné,Serrure 3 points à larder pênes basculants axe 25 mm CISA CIS4642525,,https://www.afdb.fr/cisa-serrure-larder-cisa-3-points-penes-basculants_SKUM8261.html,
MOTTURA,,"
",{'Modèle:': '4 points de fermeture'},,"https://res.cloudinary.com/afdb/image/upload/s--wjN_sd55--/c_pad,dpr_auto,f_auto,h_500,w_500/v1/afdb-fr/AFD_143598_.jpeg",053002,Aucun magasin sélectionné,Kit zingué 4 points de fermeture MOTTURA 451170KIT,,https://www.afdb.fr/mottura-serrure-mottura-zingue-porte-garage-basculante-451170kit_SKUM5036.html,
HERACLES,,"
","{'Modèle:': 'U20', 'Fiche technique fournisseur': '\n'}",,"https://res.cloudinary.com/afdb/image/upload/s--he62AkNS--/c_pad,dpr_auto,f_auto,h_500,w_500/v1/afdb-fr/AFD_250727_.jpeg",009086,Aucun magasin sélectionné,Cadenas laiton UNO 20 mm sous blister HERACLES I-CAD20-BS,,https://www.afdb.fr/heracles-cadenas-standard-varie-heracles-uno_SKUM5550.html,
WSS,,"
",{'Type:': 'Plaque de propreté'},,"https://res.cloudinary.com/afdb/image/upload/s--N8KGMxl3--/c_pad,dpr_auto,f_auto,h_500,w_500/v1/afdb-fr/AFD_245272_.jpeg",389546,Aucun magasin sélectionné,Plaque de propreté alu argent WSS 16570000114,,https://www.afdb.fr/wss-plaque-proprete-wss-serrure-porte-garage-16570000114_SKUM127166.html,
HERACLES,,"
",{'Modèle:': 'L40'},,"https://res.cloudinary.com/afdb/image/upload/s--rIwSozi8--/c_pad,dpr_auto,f_auto,h_500,w_500/v1/afdb-fr/AFD_12472__.jpeg",488441,Aucun magasin sélectionné,Cadenas anse haute LONGO longueur 40 mm HERACLES I-CAD-L40,,https://www.afdb.fr/heracles-cadenas-anse-haute-heracles-longo_SKUM10197.html,
HERACLES,,"
","{""Type d'alimentation:"": 'Batterie intégré Lithium 3,7V', 'Notice': '\n'}",,"https://res.cloudinary.com/afdb/image/upload/s--oI9uVU5r--/c_pad,dpr_auto,f_auto,h_500,w_500/v1/afdb-fr/AFD_220527_.jpeg",761296,Aucun magasin sélectionné,Cadenas à empreintes digitales HERACLES PCA-DIGITCAD1,,https://www.afdb.fr/heracles-cadenas-empreintes-digitales-heracles-digitcad1_SKUM88699.html,
HERACLES,,"
",{'Modèle:': 'C30X3'},,"https://res.cloudinary.com/afdb/image/upload/s--2wXwYIgj--/c_pad,dpr_auto,f_auto,h_500,w_500/v1/afdb-fr/AFD_12487__.jpeg",488438,Aucun magasin sélectionné,Cadenas à combinaison COMBO C30X3 HERACLES I-CAD-C30X3,,https://www.afdb.fr/heracles-cadenas-combinaison-heracles-combo_SKUM10193.html,
HERACLES,,"
","{'Modèle:': 'U20', 'Fiche technique fournisseur': '\n'}",,"https://res.cloudinary.com/afdb/image/upload/s--I8vuPuU---/c_pad,dpr_auto,f_auto,h_500,w_500/v1/afdb-fr/AFD_239840_.jpeg",389783,Aucun magasin sélectionné,Cadenas standard laiton UNO 20 mm s'entrouvrant anse en U HERACLES I-CAD20MV,,https://www.afdb.fr/heracles-cadenas-standard-entrouvrant-anse-u-heracles-uno_SKUM97274.html,
JEAN JOURJON,,"
","{'Modèle:': 'Auto perceuse', 'Fiche technique fournisseur': '\n'}",,"https://res.cloudinary.com/afdb/image/upload/s--rNYU6ZVQ--/c_pad,dpr_auto,f_auto,h_500,w_500/v1/afdb-fr/AFD_93894__.jpeg",746678,Aucun magasin sélectionné,Vis pareclose auto perceuse paquet de 100 acier zingué blanc JEAN JOURJON 69278,,https://www.afdb.fr/jean-jourjon-vis-pareclose-auto-perceuse-jean-jourjon-paquet-100-69278_SKUM156371.html,
JEAN JOURJON,,"
","{'Couleur:': 'Noir', 'Notice': '\n'}",,"https://res.cloudinary.com/afdb/image/upload/s--f1CyU74C--/c_pad,dpr_auto,f_auto,h_500,w_500/v1/afdb-fr/AFD_262378_.jpeg",229658,Aucun magasin sélectionné,Ensemble Western coupe-feu pour porte 36 à 44 mm gaine JEAN JOURJON 261123 GAINE,,https://www.afdb.fr/jean-jourjon-ensemble-joint-jean-jourjon-western-coupe-feu-porte-va-vient_SKUM5823.html,
HERACLES,,"
",{'Modèle:': 'EURO E50'},,"https://res.cloudinary.com/afdb/image/upload/s--DCRB_OhD--/c_pad,dpr_auto,f_auto,h_500,w_500/v1/afdb-fr/AFD_152941_.jpeg",773127,Aucun magasin sélectionné,Cadenas UNO EURO E50 cylindre européen laiton HERACLES I-CAD-UE,,https://www.afdb.fr/heracles-cadenas-demi-cylindre-europeen-heracles-uno_SKUM122142.html,
JEAN JOURJON,,"
","{'Modèle:': 'SUPER MAJOR', 'Fiche technique fournisseur': '\n'}",,"https://res.cloudinary.com/afdb/image/upload/s--QLS8D0Jx--/c_pad,dpr_auto,f_auto,h_500,w_500/v1/afdb-fr/AFD_262458_.jpeg",585353,Aucun magasin sélectionné,Judas coupe feu SUPER MAJOR chromé 40 mn JEAN JOURJON 021524,,https://www.afdb.fr/jean-jourjon-judas-super-major-jean-jourjon-coupe-feu-40-mn-0215_SKUM33946.html,
JEAN JOURJON,,"
","{'Angle de vision:': '170 °', 'Fiche technique fournisseur': '\n'}",,"https://res.cloudinary.com/afdb/image/upload/s--8xuo5xvJ--/c_pad,dpr_auto,f_auto,h_500,w_500/v1/afdb-fr/AFD_262450_.jpeg",591950,Aucun magasin sélectionné,Judas Minos grand serrage 31 - 85 mm chromé JEAN JOURJON 011124,,https://www.afdb.fr/jean-jourjon-judas-jean-jourjon-minos-grand-serrage-0111_SKUM39927.html,
TIRARD,,"
","{'Finition:': 'Noir', 'Fiche technique fournisseur': '\n'}",,"https://res.cloudinary.com/afdb/image/upload/s--5mkiQaog--/c_pad,dpr_auto,f_auto,h_500,w_500/v1/afdb-fr/AFD_265191_.jpeg",585489,Aucun magasin sélectionné,Sabot à tourniquet TIRARD QA592305P,,https://www.afdb.fr/tirard-butoir-portail-tirard-tourniquet-qa592305p_SKUM34083.html,
TIRARD,,"
","{'Finition:': 'Brut', 'Fiche technique fournisseur': '\n'}",,"https://res.cloudinary.com/afdb/image/upload/s--C8BfADD4--/c_pad,dpr_auto,f_auto,h_500,w_500/v1/afdb-fr/AFD_39442__.jpeg",585485,Aucun magasin sélectionné,Sabot de portail à visser inox 190 x 100 mm TIRARD QA401304,,https://www.afdb.fr/tirard-sabot-portail-tirard-visser-inox-190x100-mm-qa401304_SKUM34079.html,
JEAN JOURJON,,"
","{'Couleur:': 'Beige', 'Fiche technique fournisseur': '\n'}",,"https://res.cloudinary.com/afdb/image/upload/s--FkST1Fni--/c_pad,dpr_auto,f_auto,h_500,w_500/v1/afdb-fr/AFD_240925_.jpeg",216643,Aucun magasin sélectionné,Protection anti-pince doigts VAPD largeur 70 mm JEAN JOURJON 301313 GAINE,,https://www.afdb.fr/jean-jourjon-protection-anti-pince-doigts-jean-jourjon-souple_SKUM5822.html,
TIRARD,,"
","{'Modèle:': '2 pivots', 'Fiche technique fournisseur': '\n'}",,"https://res.cloudinary.com/afdb/image/upload/s--S-hlFLWK--/c_pad,dpr_auto,f_auto,h_500,w_500/v1/afdb-fr/AFD_246145_.jpeg",585377,Aucun magasin sélectionné,Serrure AA40 acier zingué cylindre rond longueur 12 mm 2 pivots TIRARD AA114004,,https://www.afdb.fr/tirard-serrure-tirard-aa40-volet-roulant-aa114004_SKUM96154.html,
JEAN JOURJON,,"
","{'Longueur:': '5 mm', 'Fiche technique fournisseur': '\n'}",,"https://res.cloudinary.com/afdb/image/upload/s--A09pYQWT--/c_pad,dpr_auto,f_auto,h_500,w_500/v1/afdb-fr/AFD_287719_.jpeg",608895,Aucun magasin sélectionné,Vis pareclose M5x5 zinguée sachet de 250pièces JEAN JOURJON 68273,,https://www.afdb.fr/jean-jourjon-vis-pareclose-jean-jourjon_SKUM21839.html,
BURG,,"
",{'Couleur:': 'Noir'},,"https://res.cloudinary.com/afdb/image/upload/s--9B_GK-wb--/c_pad,dpr_auto,f_auto,h_500,w_500/v1/afdb-fr/AFD_248730_.jpeg",376882,Aucun magasin sélectionné,Câble antivol,,https://www.afdb.fr/burg-cable-antivol_SKUM5839.html,
BURG,,"Corps en acier massif, verrouillage par des pennes robustes. Serrure à clé ou électronique.",{'Poids:': '28 kg'},,"https://res.cloudinary.com/afdb/image/upload/s--LbhlT6Bp--/c_pad,dpr_auto,f_auto,h_500,w_500/v1/afdb-fr/AFD_152447_.jpeg",789273,Aucun magasin sélectionné,Armoire à fusils FAVOR GUN 5,,https://www.afdb.fr/burg-armoire-fusils-favor-gun-5_SKUM135625.html,
NUOVA FEB ASSA ABLOY ITALIE,,"
",{'Modèle:': 'Standard'},,"https://res.cloudinary.com/afdb/image/upload/s--7o3cqLnD--/c_pad,dpr_auto,f_auto,h_500,w_500/v1/afdb-fr/AFD_30756__.jpeg",389424,Aucun magasin sélectionné,Electro serrure MULTIPLA double entrée acier zingué - ASSA ABLOY - NF5011/1Z,,https://www.afdb.fr/nuova-feb-assa-abloy-italie-electro-serrure-multipla-corni-assa-abloy-acier-zingue-nf501_SKUM8705.html,
BURG,,"
",{'Longueur:': '150 mm'},,"https://res.cloudinary.com/afdb/image/upload/s--eQRhjw5E--/c_pad,dpr_auto,f_auto,h_500,w_500/v1/afdb-fr/AFD_154797_.jpeg",789257,Aucun magasin sélectionné,Câble antivol en spirale à clés 1550 longueur 150 mm BURG 18060 0,,https://www.afdb.fr/burg-cable-antivol-burg-spirale-cles-1550-18060-0_SKUM135610.html,
BURG,,"
","{'Longueur:': 'null mm', 'Fiche technique fournisseur': '\n'}",,"https://res.cloudinary.com/afdb/image/upload/s--d99dADy0--/c_pad,dpr_auto,f_auto,h_500,w_500/v1/afdb-fr/AFD_261597_.jpeg",377014,Aucun magasin sélectionné,Chaîne SKM 6/60 BURG 11060,,https://www.afdb.fr/burg-chaine-antivol-burg-serie-skm-gkm_SKUM5840.html,
MERMIER,,"
","{'Finition:': 'Zingué', 'Fiche technique fournisseur': '\n'}",,"https://res.cloudinary.com/afdb/image/upload/s--a-s56SmZ--/c_pad,dpr_auto,f_auto,h_500,w_500/v1/afdb-fr/AFD_40248__.jpeg",234909,Aucun magasin sélectionné,Sabot è visser 90 x 95 mm zingué MERMIER M-540903,,https://www.afdb.fr/mermier-butoir-portail-mermier-visser-lumieres-90-x-10-mm-zingue-540903_SKUM71685.html,
JARDINIER MASSARD,,"
","{'Diamètre:': '30 mm', 'Fiche technique fournisseur': '\n'}",,"https://res.cloudinary.com/afdb/image/upload/s--sd-cGDal--/c_pad,dpr_auto,f_auto,h_500,w_500/v1/afdb-fr/AFD_263675_.jpeg",005878,Aucun magasin sélectionné,Arrêt grille de 30 mm phorétique JARDINIER MASSARD J501350,,https://www.afdb.fr/jardinier-massard-arret-portail-jardinier-massard-bascule-phoretique-j5013_SKUM5769.html,
MERMIER,,"
","{'Finition:': 'Zingué blanc', 'Fiche technique fournisseur': '\n'}",,"https://res.cloudinary.com/afdb/image/upload/s--jNwu3Q7R--/c_pad,dpr_auto,f_auto,h_500,w_500/v1/afdb-fr/AFD_121668_.jpeg",394243,Aucun magasin sélectionné,Arrêt de portail à axe réglable zingue blanc MERMIER M-542003,,https://www.afdb.fr/mermier-arret-portail-mermier-bascule-reglable-ressort-zingue-blanc-542003_SKUM5667.html,
NUOVA FEB ASSA ABLOY ITALIE,,"
",{'Modèle:': 'Standard'},,"https://res.cloudinary.com/afdb/image/upload/s--e-qXDDdZ--/c_pad,dpr_auto,f_auto,h_500,w_500/v1/afdb-fr/AFD_240958_.jpeg",392008,Aucun magasin sélectionné,Gâche série 16000 FEB F16161/1,,https://www.afdb.fr/nuova-feb-assa-abloy-italie-gache-feb-serie-16000-f16161-1_SKUM8703.html,
NUOVA FEB ASSA ABLOY ITALIE,,"
","{'Type de produit:': 'Accessoires serrure', 'Fiche technique fournisseur': '\n'}",,"https://res.cloudinary.com/afdb/image/upload/s--5WoVwNgT--/c_pad,dpr_auto,f_auto,h_500,w_500/v1/afdb-fr/AFD_260228_.jpeg",614052,Aucun magasin sélectionné,Kit rouleau pour serrure à larder 3 points entraxe 25 mm CORNI N49801025000,,https://www.afdb.fr/nuova-feb-assa-abloy-italie-kit-rouleau-corni-serrure-trepper_SKUM117282.html,
TIRARD,,"
","{'Montage:': 'En applique', 'Fiche technique fournisseur': '\n'}",,"https://res.cloudinary.com/afdb/image/upload/s--Jjs7-hU6--/c_pad,dpr_auto,f_auto,h_500,w_500/v1/afdb-fr/AFD_148707_.jpeg",216673,Aucun magasin sélectionné,Serrure AE en applique zinguée cylindre 6 mm pour lame 7 à 9 mm THIRARD AE114002,,https://www.afdb.fr/tirard-serrure-ae-thirard-applique-zinguee-volet-roulant-ae11400_SKUM88677.html,
TIRARD,,"
","{'Modèle:': 'Serrure CE 3 points', 'Fiche technique fournisseur': '\n'}",,"https://res.cloudinary.com/afdb/image/upload/s--3XhCQclF--/c_pad,dpr_auto,f_auto,h_500,w_500/v1/afdb-fr/AFD_285417_.jpeg",486726,Aucun magasin sélectionné,Serrure de volet 3ème point court droite acier zingué TIRARD CE112104,,https://www.afdb.fr/tirard-serrure-volet-tirard-3-points-courts-acier-zingue_SKUM35077.html,
MOTTURA,,"
",{'Modèle:': 'PERSONAL 1530'},,"https://res.cloudinary.com/afdb/image/upload/s--dtSDB8IV--/c_pad,dpr_auto,f_auto,h_500,w_500/v1/afdb-fr/AFD_12905__.jpeg",052916,Aucun magasin sélectionné,Coffre-fort PERSONAL à clé 665 X 465 X 245 mm 78 Kg MOTTURA 111530,,https://www.afdb.fr/mottura-coffre-fort-personal-cle_SKUM6958.html,
WATTELEZ,,"
","{'Couleur:': 'Blanc', 'Fiche technique fournisseur': '\n'}",,"https://res.cloudinary.com/afdb/image/upload/s--Y_VKSU0u--/c_pad,dpr_auto,f_auto,h_500,w_500/v1/afdb-fr/AFD_281461_.jpeg",780592,Indisponible,Anti-pince doigts GAROMIN n°1 1400 mm blanc WATTELEZ 606011B,,https://www.afdb.fr/wattelez-anti-pince-doigts-garomin-1-wattelez-1400mm-blanc-606011b_SKUM226740.html,
MOTTURA,,"
",{'Dimensions HxLxP:': '665 x 465 x 245 mm'},,"https://res.cloudinary.com/afdb/image/upload/s--ugSKWbwi--/c_pad,dpr_auto,f_auto,h_500,w_500/v1/afdb-fr/AFD_261641_.jpeg",052955,Aucun magasin sélectionné,Coffre Personal combinaison mécanique 665 x 465 x 245 mm MOTTURA 115530,,https://www.afdb.fr/mottura-coffre-fort-mottura-personal_SKUM6033.html,
ABUS,,"
","{'Modèle:': '110/155', 'Fiche technique fournisseur': '\n'}",,"https://res.cloudinary.com/afdb/image/upload/s--7VVfWCra--/c_pad,dpr_auto,f_auto,h_500,w_500/v1/afdb-fr/AFD_259635_.jpeg",141259,Aucun magasin sélectionné,Porte cadenas 155 x 45 mm ABUS 110/155,,https://www.afdb.fr/abus-porte-cadenas-abus-110_SKUM25999.html,
FAAC COMUNELLO,,"
","{'Modèle:': 'Gorge 10', 'Fiche technique fournisseur': '\n'}",,"https://res.cloudinary.com/afdb/image/upload/s--loap0_tK--/c_pad,dpr_auto,f_auto,h_500,w_500/v1/afdb-fr/AFD_263024_.jpeg",614233,Aucun magasin sélectionné,Roue gorge ronde 1 roulement 60 mm R10 COMUNELLO 310-60,,https://www.afdb.fr/faac-comunello-galet-gorge-ronde-comunello_SKUM5717.html,
JARDINIER MASSARD,,"
",{'Type de produit:': 'Moraillon'},,"https://res.cloudinary.com/afdb/image/upload/s--j9fCLpOm--/c_pad,dpr_auto,f_auto,h_500,w_500/v1/afdb-fr/AFD_250938_.jpeg",371532,Aucun magasin sélectionné,Moraillon plat pour porte cadenas,,https://www.afdb.fr/jardinier-massard-moraillon-plat-porte-cadenas_SKUM95419.html,
COMUNELLO FRATELLI,,"
","{'Pour modèle:': 'Galet gorge ronde Ø19', 'Fiche technique fournisseur': '\n'}",,"https://res.cloudinary.com/afdb/image/upload/s--D0V-XMyk--/c_pad,dpr_auto,f_auto,h_500,w_500/v1/afdb-fr/AFD_242531_.jpeg",384390,Aucun magasin sélectionné,Rail à visser pour galet gorge ronde diamètre 19 mm largeur 55 mm longueur 3 m COMUNELLO 289G-Ø19-Sp3,,https://www.afdb.fr/comunello-fratelli-rail-visser-comunello-galet-gorge-ronde_SKUM5725.html,
MOTTURA,,"
",{'Modèle:': 'Déverouillage de secours'},,"https://res.cloudinary.com/afdb/image/upload/s--TM-I3k00--/c_pad,dpr_auto,f_auto,h_500,w_500/v1/afdb-fr/AFD_141877_.jpeg",392206,Aucun magasin sélectionné,Jack électronique pour coffre fort NO PROBLEM MOTTURA  9899074,,https://www.afdb.fr/mottura-jack-electronique-mottura-coffre-fort-no-problem-9899074_SKUM221284.html,
HARTMANN TRESORE,,,{'Modèle:': 'VDMA 40 A1'},,"https://res.cloudinary.com/afdb/image/upload/s--CHnPdcCT--/c_pad,dpr_auto,f_auto,h_500,w_500/v1/afdb-fr/AFD_143198_.jpeg",786065,Aucun magasin sélectionné,Coffre-fort de sécurité Gamme PRO VDMA,,https://www.afdb.fr/hartmann-tresore-coffre-fort-securite-gamme-pro-vdma_SKUM133963.html,
COMUNELLO FRATELLI,,"
","{'Modèle:': 'M16', 'Fiche technique fournisseur': '\n'}",,"https://res.cloudinary.com/afdb/image/upload/s--u4Yq55Q1--/c_pad,dpr_auto,f_auto,h_500,w_500/v1/afdb-fr/AFD_250485_.jpeg",384359,Aucun magasin sélectionné,Gond à souder ouverture 180° de diamètre 16 mm COMUNELLO 178-M16,,https://www.afdb.fr/comunello-fratelli-articulation-portail-comunello-reglable-ouverture-180-178_SKUM5648.html,
MERMIER,,La tarière manuelle M262100 de Mermier est un outil idéal pour creuser des trous afin de commencer à entreprendre les travaux de jardinage comme planter des arbustes ou poser des clôtures.,{'Couleur:': 'Gris'},,"https://res.cloudinary.com/afdb/image/upload/s--vdjBdOwV--/c_pad,dpr_auto,f_auto,h_500,w_500/v1/afdb-fr/AFD_193458_.jpeg",825092,Aucun magasin sélectionné,Tarière manuelle D 100 mm L 600 mm MERMIER M262100,,https://www.afdb.fr/mermier-tariere-manuelle-mermier-100-mm-600-mm-m262100_SKUM193674.html,
TORBEL,,"
","{'Finition:': 'Brut', 'Fiche technique fournisseur': '\n'}",,"https://res.cloudinary.com/afdb/image/upload/s--NhxN9MbJ--/c_pad,dpr_auto,f_auto,h_500,w_500/v1/afdb-fr/AFD_287629_.jpeg",589617,Aucun magasin sélectionné,Support de rampe à souder coudé fixe acier brut TORBEL 9930070,,https://www.afdb.fr/torbel-support-main-courante-chanfreine-torbel-souder-9930070_SKUM26870.html,
JARDINIER MASSARD,,"
","{'Article:': 'Verrou à entailler', 'Fiche technique fournisseur': '\n'}",,"https://res.cloudinary.com/afdb/image/upload/s--AoMb6YTI--/c_pad,dpr_auto,f_auto,h_500,w_500/v1/afdb-fr/AFD_263059_.jpeg",007176,Aucun magasin sélectionné,Verrou à entailler à poussoir 16 mm 120 mm zingué avec gâche JARDINIER MASSARD J544000,,https://www.afdb.fr/jardinier-massard-verrou-entailler-jardinier-massard-acier-laitonne-gache-j544_SKUM5764.html,
JARDINIER MASSARD,,"
",{'Dimension:': '65 x 49 mm'},,"https://res.cloudinary.com/afdb/image/upload/s--6EMPrPBl--/c_pad,dpr_auto,f_auto,h_500,w_500/v1/afdb-fr/AFD_261282_.jpeg",007156,Aucun magasin sélectionné,Verrou de box bouton poire diamètre 10 mm bichromaté JARDINIER MASSARD M-498103,,https://www.afdb.fr/jardinier-massard-verrou-box-jardinier-massard-bouton-poire_SKUM5765.html,
WSS,,"
",{'Nombre de points de fermeture:': '3'},,"https://res.cloudinary.com/afdb/image/upload/s--5N3OQ_N8--/c_pad,dpr_auto,f_auto,h_500,w_500/v1/afdb-fr/AFD_125495_.jpeg",390621,Aucun magasin sélectionné,Gâche centrale inox épaisseur 3 mm WSS 17322499426,,https://www.afdb.fr/wss-gache-wss-centrale-inox-epaisseur-3-mm-17322499426_SKUM5141.html,
HERACLES,,"
",{'Nombre de points de fermeture:': '3'},,"https://res.cloudinary.com/afdb/image/upload/s--1Ne84hOp--/c_pad,dpr_auto,f_auto,h_500,w_500/v1/afdb-fr/AFD_35547__.jpeg",607345,Aucun magasin sélectionné,Serrure 3 points à rouleau TF 760 coffre 35 mm axe 24 mm + têtière haut et bas à pêne basculant HERACLES WSS012792400426,,https://www.afdb.fr/heracles-serrure-securite-3-points-tf-760-heracles_SKUM40654.html,
GARIS,,"
",{'Matière de la barre:': 'Inox 304'},,"https://res.cloudinary.com/afdb/image/upload/s--lCoP6nhR--/c_pad,dpr_auto,f_auto,h_500,w_500/v1/afdb-fr/AFD_265487_.jpeg",021244,Aucun magasin sélectionné,Barre d'appui en acier inoxydable recouvert d'epoxy droite 300 mm GARIS B-INOX-BR20,,https://www.afdb.fr/garis-barre-relevement-garis-epoxy-blanc-d32-pmr_SKUM213853.html,
HERACLES,,"
",{'Dimension:': '145 x 24 x 3 mm'},,"https://res.cloudinary.com/afdb/image/upload/s--NhamYt4_--/c_pad,dpr_auto,f_auto,h_500,w_500/v1/afdb-fr/AFD_35985__.jpeg",607354,Aucun magasin sélectionné,Gâche 24 x 3 mm pour pêne crochet haut et bas HERACLES WSS017432400426,,https://www.afdb.fr/heracles-gache-tf-750-tf-760-heracles_SKUM40209.html,
Stremler ASSA ABLOY,,"
","{'Nombre de points de fermeture:': '3', 'Fiche technique fournisseur': '\n'}",,"https://res.cloudinary.com/afdb/image/upload/s--OzvrrS34--/c_pad,dpr_auto,f_auto,h_500,w_500/v1/afdb-fr/AFD_15320__.jpeg",020069,Aucun magasin sélectionné,Serrure 3 points TF3 pêne dormant Série 6372,,https://www.afdb.fr/stremler-assa-abloy-serrure-3-points-tf3-pene-dormant-serie-6372_SKUM41378.html,
HERACLES,,"
",{'Nombre de points de fermeture:': '3'},,"https://res.cloudinary.com/afdb/image/upload/s--MshdtVaB--/c_pad,dpr_auto,f_auto,h_500,w_500/v1/afdb-fr/AFD_35548__.jpeg",607341,Aucun magasin sélectionné,Serrure 3 points TF 750 coffre 35 mm axe 24 mm + têtière haut et bas à pêne basculant HERACLES WSS012522400426,,https://www.afdb.fr/heracles-serrure-securite-3-points-tf-750-heracles_SKUM40208.html,
Stremler ASSA ABLOY,,"
","{'Tétière:': '30 x 2,5 mm', 'Fiche technique fournisseur': '\n'}",,"https://res.cloudinary.com/afdb/image/upload/s--1GxWp_v0--/c_pad,dpr_auto,f_auto,h_500,w_500/v1/afdb-fr/AFD_15382__.jpeg",390052,Aucun magasin sélectionné,Serrure à larder 3 points TF pour profil acier pêne dormant demi-tour Série 6270 axe 21 mm hauteur 1700 mm STREMLER 6270.36.0,,https://www.afdb.fr/stremler-assa-abloy-serrure-larder-tf-stremler-3-points-profil-acier-pene-dormant-demi-tour-serie-6270_SKUM8083.html,
METALUX,,"
",{'Modèle:': 'Pêne dormant'},,"https://res.cloudinary.com/afdb/image/upload/s--43lUiPp3--/c_pad,dpr_auto,f_auto,h_500,w_500/v1/afdb-fr/AFD_255696_.jpeg",041370,Aucun magasin sélectionné,Coffre 92MTX à 3 points U9 coffre 41 mm sans gâche METALUX F1U9410200,,https://www.afdb.fr/metalux-serrure-metalux-3-points-u9-pene-dormant-seul-92mtx-f1u9_SKUM32614.html,
Stremler ASSA ABLOY,,"
","{'Tétière:': 'Têtière filante en U de 24 x  6 mm', 'Fiche technique fournisseur': '\n'}",,"https://res.cloudinary.com/afdb/image/upload/s---GNFnRKp--/c_pad,dpr_auto,f_auto,h_500,w_500/v1/afdb-fr/AFD_256990_.jpeg",617455,Aucun magasin sélectionné,Serrure à 3 points TF3 relevage pêne dormant longueur 36 mm STREMLER 6570.36.0C,,https://www.afdb.fr/stremler-assa-abloy-serrure-tf3-stremler-3-points-relevage-pene-dormant-serie-6570_SKUM44201.html,
JARDINIER MASSARD,,"
","{'Modèle:': 'Orné - Evidé', 'Fiche technique fournisseur': '\n'}",,"https://res.cloudinary.com/afdb/image/upload/s--8pdhmVzJ--/c_pad,dpr_auto,f_auto,h_500,w_500/v1/afdb-fr/AFD_34162__.jpeg",005943,Aucun magasin sélectionné,Bouton double C6 orné en fonte peint appret gris JARDINIER MASSARD J502182,,https://www.afdb.fr/jardinier-massard-bouton-double-jardinier-massard-fonte_SKUM5754.html,
Stremler ASSA ABLOY,,"
","{'Tétière:': 'Têtière en U de 24 x 6 mm', 'Fiche technique fournisseur': '\n'}",,"https://res.cloudinary.com/afdb/image/upload/s--GCXUI_nP--/c_pad,dpr_auto,f_auto,h_500,w_500/v1/afdb-fr/AFD_252469_.jpeg",219673,Aucun magasin sélectionné,Serrure 3 points TF3 à pêne crochet et pêne dormant de coffre 41 mm têtières en U 24 x 6 mm STREMLER 6470.41.0B,,https://www.afdb.fr/stremler-assa-abloy-serrure-3-points-tf3-stremler-pene-dormant-basculants-crochets-demi-tour-tetieres-u-serie-6470_SKUM8106.html,
Stremler ASSA ABLOY,,"
","{'Nombre de points de fermeture:': '3', 'Fiche technique fournisseur': '\n'}",,"https://res.cloudinary.com/afdb/image/upload/s--q56YQxZF--/c_pad,dpr_auto,f_auto,h_500,w_500/v1/afdb-fr/AFD_238281_.jpeg",020074,Aucun magasin sélectionné,Serrure 3 points TF3 pêne dormant à rouleau 39mm têtière en U 24 x 6 STREMLER 6374.39.0A,,https://www.afdb.fr/stremler-assa-abloy-serrure-3-points-tf3-pene-dormant-rouleau-stremler-serie-6374_SKUM8098.html,
MERMIER,,"
","{'Nombre de pièces:': '2', 'Fiche technique fournisseur': '\n'}",,"https://res.cloudinary.com/afdb/image/upload/s--mhbeYNPX--/c_pad,dpr_auto,f_auto,h_500,w_500/v1/afdb-fr/AFD_245895_.jpeg",392671,Aucun magasin sélectionné,Fixation pour barre de sécurité,,https://www.afdb.fr/mermier-fixation-barre-securite_SKUM127266.html,
MERMIER,,"
",{'Nombre de pièces:': '1'},,"https://res.cloudinary.com/afdb/image/upload/s--_KUXPEYm--/c_pad,dpr_auto,f_auto,h_500,w_500/v1/afdb-fr/AFD_256842_.jpeg",407038,Aucun magasin sélectionné,Support fléau sécurité zingué déport 10 mm MERMIER M-329500,,https://www.afdb.fr/mermier-supports-mermier-barre-securite-deport-10-mm-329500_SKUM127265.html,
DINAC,,"
","{'Type de pose:': 'A coller', 'Fiche technique fournisseur': '\n'}",,"https://res.cloudinary.com/afdb/image/upload/s--DNaydn3_--/c_pad,dpr_auto,f_auto,h_500,w_500/v1/afdb-fr/AFD_261352_.jpeg",075395,Aucun magasin sélectionné,"Bande seuil inox adhésif 0,93 mm DINAC 0011020",,https://www.afdb.fr/dinac-seuils-adhesives-plats-dinac-trafic-tertiaire_SKUM5933.html,
HERCULE,,"
",{'Article:': 'Barre de sécurité'},,"https://res.cloudinary.com/afdb/image/upload/s--nPpirigw--/c_pad,dpr_auto,f_auto,h_500,w_500/v1/afdb-fr/AFD_265496_.jpeg",075365,Aucun magasin sélectionné,Barre de sécurité 2 articulations,,https://www.afdb.fr/hercule-barre-securite-2-articulations_SKUM5783.html,
DINAC,,"
","{'Matière:': 'Inox 430', 'Fiche technique fournisseur': '\n'}",,"https://res.cloudinary.com/afdb/image/upload/s--VO3XryIy--/c_pad,dpr_auto,f_auto,h_500,w_500/v1/afdb-fr/AFD_261412_.jpeg",219924,Indisponible,"Bande seuil inox à vis 0,73 mm DINAC 2013000",,https://www.afdb.fr/dinac-seuil-visser-plat-trafic-tertiaire_SKUM5932.html,
TORBEL,,"
",{'Type de produit:': 'Verrou à douille'},,"https://res.cloudinary.com/afdb/image/upload/s--BkNigeoF--/c_pad,dpr_auto,f_auto,h_500,w_500/v1/afdb-fr/AFD_263584_.jpeg",589614,Aucun magasin sélectionné,Verrou pistolet zingué 435 12 mm TORBEL M-503123,,https://www.afdb.fr/torbel-verrou-pistolet-torbel-zingue_SKUM8901.html,
JARDINIER MASSARD,,"
","{'Finition:': 'Zingué blanc', 'Fiche technique fournisseur': '\n'}",,"https://res.cloudinary.com/afdb/image/upload/s--Kzr96L2U--/c_pad,dpr_auto,f_auto,h_500,w_500/v1/afdb-fr/AFD_263292_.jpeg",007175,Aucun magasin sélectionné,Verrou pistolet à ressort 14 mm inox zingué blanc JARDINIER MASSARD 522381,,https://www.afdb.fr/jardinier-massard-verrou-pistolet-jardinier-massard-ressort-522381_SKUM39243.html,
JARDINIER MASSARD,,"
",{'Diamètre de perçage:': '4.5 mm'},,"https://res.cloudinary.com/afdb/image/upload/s--MLO8T5co--/c_pad,dpr_auto,f_auto,h_500,w_500/v1/afdb-fr/AFD_129286_.jpeg",005897,Aucun magasin sélectionné,Arrêt de persienne à brossage droite finition zinguée Jardinier Massard BF382703,,https://www.afdb.fr/jardinier-massard-arret-persienne-brossage-jardinier-massard-zinguee-blanc-bf382_SKUM5775.html,
LOCINOX,,"
","{'Article:': 'Gâche au sol pour verrou', 'Fiche technique fournisseur': '\n'}",,"https://res.cloudinary.com/afdb/image/upload/s--pNgikeQ0--/c_pad,dpr_auto,f_auto,h_500,w_500/v1/afdb-fr/AFD_263260_.jpeg",585516,Aucun magasin sélectionné,Butée de sol économique LOCINOX P00006488,,https://www.afdb.fr/locinox-gache-sceller-locinox-verrou-baionette_SKUM34110.html,
MERMIER,,"
","{'Article:': 'Verrou à douille HR', 'Fiche technique fournisseur': '\n'}",,"https://res.cloudinary.com/afdb/image/upload/s--z-e1c3kQ--/c_pad,dpr_auto,f_auto,h_500,w_500/v1/afdb-fr/AFD_263245_.jpeg",392690,Aucun magasin sélectionné,Verrou à douille HR réglable N+2 16 x 300 mm plaque étroite bichromaté MERMIER M-455303,,https://www.afdb.fr/mermier-verrou-douille-mermier-renforce-visser-45_SKUM39239.html,
FAAC COMUNELLO,,"
","{'Modèle:': '1 sortie de tringle', 'Fiche technique fournisseur': '\n'}",,"https://res.cloudinary.com/afdb/image/upload/s--WyzxL0c9--/c_pad,dpr_auto,f_auto,h_500,w_500/v1/afdb-fr/AFD_255699_.jpeg",384466,Aucun magasin sélectionné,Verrou à encastrer 20 mm 1 sortie M8 COMUNELLO 705-20,,https://www.afdb.fr/faac-comunello-verrou-entailler-comunello-bascule_SKUM5741.html,
MAP,,"
",{'Modèle:': 'à onglet'},,"https://res.cloudinary.com/afdb/image/upload/s--oQh5Ucv8--/c_pad,dpr_auto,f_auto,h_500,w_500/v1/afdb-fr/AFD_30878__.jpeg",394217,Aucun magasin sélectionné,Verrou de condamnation à entailler aluminium longueur 225 mm boitier 14 x 10 mm argent MAP MAP-164225,,https://www.afdb.fr/map-verrou-condamnation-map-entailler-aluminium-longueur-225-mm-boitier-14x10-mm-164_SKUM31558.html,
COMUNELLO,,"
","{'Longueur:': '15,5 mm'}",,"https://res.cloudinary.com/afdb/image/upload/s---lGpsUuH--/c_pad,dpr_auto,f_auto,h_500,w_500/v1/afdb-fr/AFD_253242_.jpeg",501016,Aucun magasin sélectionné,"Verrou à levier pour porte métal de longueur 15,5 mm COMUNELLO 705-24",,https://www.afdb.fr/comunello-verrou-levier-comunello-porte-metal-705-24_SKUM95311.html,
HERCULE,,"
",{'Modèle:': 'Jeu de supports'},,"https://res.cloudinary.com/afdb/image/upload/s--Wz0DE0gj--/c_pad,dpr_auto,f_auto,h_500,w_500/v1/afdb-fr/AFD_217865_.jpeg",075381,Indisponible,Jeu de supports pour barre de sécurité HERCULE 4461,,https://www.afdb.fr/hercule-jeu-supports-barre-securite-hercule-4461_SKUM70810.html,
HERCULE,,"
",{'Modèle:': '4401'},,"https://res.cloudinary.com/afdb/image/upload/s--beVlLFw9--/c_pad,dpr_auto,f_auto,h_500,w_500/v1/afdb-fr/AFD_263093_.jpeg",075373,Aucun magasin sélectionné,Barre volets fléaux 450 mm blocage automatique HERCULE 4401,,https://www.afdb.fr/hercule-barre-securite-hercule-1-articulation-fleaux-450-mm-blocage-automatique-4401_SKUM5782.html,
TORBEL,,"
",{'Matière:': 'aluminium'},,"https://res.cloudinary.com/afdb/image/upload/s--UX_w06mY--/c_pad,dpr_auto,f_auto,h_500,w_500/v1/afdb-fr/AFD_262492_.jpeg",599225,Aucun magasin sélectionné,Dardenne aluminium large noir 63 x 4 mm TORBEL 07PAK2J,,https://www.afdb.fr/torbel-dardenne-torbel-large-aluminium-noir-63-x-4-mm-07pak2j_SKUM41412.html,
HERCULE,,"
",{'Modèle:': '4442'},,"https://res.cloudinary.com/afdb/image/upload/s--6d4UHoAJ--/c_pad,dpr_auto,f_auto,h_500,w_500/v1/afdb-fr/AFD_219693_.jpeg",209577,Aucun magasin sélectionné,"Barre de securité à boutons 1,50 m HERCULE 4442",,https://www.afdb.fr/hercule-barre-securite-boutons-hercule-acier-bichromate-444_SKUM5781.html,
HERCULE,,"
",{'Modèle:': '4420'},,"https://res.cloudinary.com/afdb/image/upload/s--3BfThYmS--/c_pad,dpr_auto,f_auto,h_500,w_500/v1/afdb-fr/AFD_5972___.jpeg",075372,Aucun magasin sélectionné,Barre de sécurité à poignée acier bichromaté longueur 460mm + supports - HERCULE – 4420,,https://www.afdb.fr/hercule-barre-securite-poignee-acier-bichromate-hercule_SKUM5780.html,
TORBEL,,"
","{'Longueur:': '300 mm', 'Fiche technique fournisseur': '\n'}",,"https://res.cloudinary.com/afdb/image/upload/s--WuEgk5ay--/c_pad,dpr_auto,f_auto,h_500,w_500/v1/afdb-fr/AFD_224748_.jpeg",589608,Aucun magasin sélectionné,Crochet alu noir 300 mm TORBEL 924D30J,,https://www.afdb.fr/torbel-crochet-contrevent-torbel-aluminium-noir-924d_SKUM27008.html,
TORBEL,,"
","{'Article:': 'Crémaillère', 'Fiche technique fournisseur': '\n'}",,"https://res.cloudinary.com/afdb/image/upload/s--yXqqKGRL--/c_pad,dpr_auto,f_auto,h_500,w_500/v1/afdb-fr/AFD_224759_.jpeg",589611,Aucun magasin sélectionné,Crémaillère pour volet longueur 180 mm aluminium couleur noire TORBEL 924E01J,,https://www.afdb.fr/torbel-cremaillere-torbel-volet-180-mm-aluminium-couleur-noire-924e01j_SKUM214588.html,
TORBEL,,"
",{'Article:': 'Charnière N°40'},,"https://res.cloudinary.com/afdb/image/upload/s--5xbMC3ke--/c_pad,dpr_auto,f_auto,h_500,w_500/v1/afdb-fr/AFD_250684_.jpeg",599269,Aucun magasin sélectionné,Charnières aluminium,,https://www.afdb.fr/torbel-charnieres-aluminium_SKUM127267.html,
DINAC,,"
","{'Longueur:': '2,45 m lin.'}",,"https://res.cloudinary.com/afdb/image/upload/s--vyO0HJC5--/c_pad,dpr_auto,f_auto,h_500,w_500/v1/afdb-fr/AFD_246433_.jpeg",793324,Aucun magasin sélectionné,"Nez de marche B8 percé Trafic intense inox 2,45 m DINAC 228902D",,https://www.afdb.fr/dinac-nez-marche-strie-dinac-b8-visser-228902d_SKUM155630.html,
COMUNELLO,,"
",{'Modèle:': '4  brins'},,"https://res.cloudinary.com/afdb/image/upload/s--XFLYiDus--/c_pad,dpr_auto,f_auto,h_500,w_500/v1/afdb-fr/AFD_241047_.jpeg",466289,Aucun magasin sélectionné,Élingue chaîne 4 brins crochet auto acier 10 mm COMUNELLO 8120444,,https://www.afdb.fr/comunello-elingue-chaine-4-brins-comunello-crochet-auto-acier-10-mm-8120444_SKUM126885.html,
ING FIXATIONS,,"
","{'Diamètre de la tige:': '14 x 150 mm', 'Fiche technique fournisseur': '\n'}",,"https://res.cloudinary.com/afdb/image/upload/s--hQ5vAcdR--/c_pad,dpr_auto,f_auto,h_500,w_500/v1/afdb-fr/AFD_262343_.jpeg",588429,Aucun magasin sélectionné,Gond parpaing de portail diamètre 14 mm fer à béton 14 x 150 mm seau de 25 ING FIXATIONS A001094,,https://www.afdb.fr/ing-fixations-gond-portail-ing-fixations-materiaux-creux-a001_SKUM27062.html,
ING FIXATIONS,,"
","{'Diamètre de la tige:': '14 x 80 mm', 'Fiche technique fournisseur': '\n'}",,"https://res.cloudinary.com/afdb/image/upload/s--BMJvoUn_--/c_pad,dpr_auto,f_auto,h_500,w_500/v1/afdb-fr/AFD_262353_.jpeg",645848,Aucun magasin sélectionné,Sac de 2 gonds volet à sceller 14 x 80 mm pour matériaux pleins ING FIXATIONS A856217,,https://www.afdb.fr/ing-fixations-gond-volet-ing-fixations-simple-materiaux-pleins_SKUM5627.html,
TORBEL,,"
","{'Type:': 'Axe Ø14mm', 'Fiche technique fournisseur': '\n'}",,"https://res.cloudinary.com/afdb/image/upload/s--mY7sAznJ--/c_pad,dpr_auto,f_auto,h_500,w_500/v1/afdb-fr/AFD_266235_.jpeg",589604,Aucun magasin sélectionné,Axe amovible nylon diamètre 14 mm pour gond tableau TORBEL 61PAA39,,https://www.afdb.fr/torbel-gond-torbel-aluminium-fixation-tableau-61pa_SKUM27086.html,
ING FIXATIONS,,"
","{'Matière du produit:': 'ABS', 'Fiche technique fournisseur': '\n'}",,"https://res.cloudinary.com/afdb/image/upload/s--5XFcw2A8--/c_pad,dpr_auto,f_auto,h_500,w_500/v1/afdb-fr/AFD_114495_.jpeg",646207,Aucun magasin sélectionné,Colliers blancs TUB-RING double 16 mm pour tubes multicouches boîte 50 ING FIXATIONS A315220,,https://www.afdb.fr/ing-fixations-fixation-collier-tub-ring-i-g-fixations-multicouche_SKUM43342.html,
ING FIXATIONS,,"
","{'Diamètre de la tige:': '10 mm', 'Fiche technique fournisseur': '\n'}",,"https://res.cloudinary.com/afdb/image/upload/s--lneESbnL--/c_pad,dpr_auto,f_auto,h_500,w_500/v1/afdb-fr/AFD_261907_.jpeg",744346,Aucun magasin sélectionné,Arrêt de volet 0/8 parpaing longueur 225 mm noir ING FIXATIONS A070160,,https://www.afdb.fr/ing-fixations-arret-volet-ing-fixations-materiaux-creux-a0701_SKUM31437.html,
BOUVET,,"
","{'Finition:': 'Fer cémenté patiné', 'Fiche technique fournisseur': '\n'}",,"https://res.cloudinary.com/afdb/image/upload/s--qG8lWUgz--/c_pad,dpr_auto,f_auto,h_500,w_500/v1/afdb-fr/AFD_264792_.jpeg",587587,Aucun magasin sélectionné,Béquille double Languedoc fer cémenté patiné 2 portées carré 8 mm BOUVET 016522,,https://www.afdb.fr/bouvet-bequille-double-bouvet-style-languedoc_SKUM39214.html,
ING FIXATIONS,,"
","{'Diamètre de la tige:': '12 x 165 mm', 'Fiche technique fournisseur': '\n'}",,"https://res.cloudinary.com/afdb/image/upload/s--PK13MdGD--/c_pad,dpr_auto,f_auto,h_500,w_500/v1/afdb-fr/AFD_288903_.jpeg",645855,Aucun magasin sélectionné,Sac de 2 gonds de volet double à sceller diamètre 14 mm pour matériaux creux ING FIXATIONS A856350,,https://www.afdb.fr/ing-fixations-gond-volet-ing-fixations-double-materiaux-creux_SKUM5626.html,
BOUVET,,"
","{'Fonction:': 'Clé I ( plaque étroite )', 'Fiche technique fournisseur': '\n'}",,"https://res.cloudinary.com/afdb/image/upload/s--qiNHwNos--/c_pad,dpr_auto,f_auto,h_500,w_500/v1/afdb-fr/AFD_244177_.jpeg",587609,Aucun magasin sélectionné,Ensemble double béquille sur plaque étroite NEVERS fer cémenté Clé I BOUVET ES69ID2432,,https://www.afdb.fr/bouvet-ensemble-plaque-nevers-bouvet_SKUM26321.html,
BOUVET,,"
","{'Finition:': 'Fer cémenté martelé', 'Fiche technique fournisseur': '\n'}",,"https://res.cloudinary.com/afdb/image/upload/s--whpi54pp--/c_pad,dpr_auto,f_auto,h_500,w_500/v1/afdb-fr/AFD_259955_.jpeg",587590,Aucun magasin sélectionné,Bouton sur platine BELLAC fer cémenté patiné verni BOUVET BO48PB7032,,https://www.afdb.fr/bouvet-poignee-fenetre-bellac-bouvet-bo48p_SKUM39211.html,
BOUVET,,"
","{'Finition:': 'Fer cémenté patiné', 'Fiche technique fournisseur': '\n'}",,"https://res.cloudinary.com/afdb/image/upload/s--_TsuJGmz--/c_pad,dpr_auto,f_auto,h_500,w_500/v1/afdb-fr/AFD_264842_.jpeg",592477,Aucun magasin sélectionné,Bouton sur platine Nevers fer cémenté patiné BOUVET BO52PB20R,,https://www.afdb.fr/bouvet-poignee-fenetre-bouvet-style-nevers-bo52p_SKUM39928.html,
IBFM,,"
","{'Nombre de clés:': '2', 'Fiche technique fournisseur': '\n'}",,"https://res.cloudinary.com/afdb/image/upload/s--O7yHX8d6--/c_pad,dpr_auto,f_auto,h_500,w_500/v1/afdb-fr/AFD_251505_.jpeg",765736,Aucun magasin sélectionné,Sabot boule s'entrouvrant IBFM 2218 KA2,,https://www.afdb.fr/ibfm-sabot-boule-ibfm-2218-k_SKUM127170.html,
COMUNELLO,,"
","{'Roues pivotantes:': 'Non', 'Fiche technique fournisseur': '\n'}",,"https://res.cloudinary.com/afdb/image/upload/s--f5gUiXDC--/c_pad,dpr_auto,f_auto,h_500,w_500/v1/afdb-fr/AFD_256548_.jpeg",384412,Indisponible,Roue à support externe GV 80 COMUNELLO 325V-80,,https://www.afdb.fr/comunello-roue-support-comunello-externe-gv-80-325v-80_SKUM95310.html,
IBFM,,"
","{'Modèle:': 'Gâche', 'Fiche technique fournisseur': '\n'}",,"https://res.cloudinary.com/afdb/image/upload/s--OpwzCDE4--/c_pad,dpr_auto,f_auto,h_500,w_500/v1/afdb-fr/AFD_288492_.jpeg",614416,Aucun magasin sélectionné,Gâche pour serrure à crochet IBFM 447A,,https://www.afdb.fr/ibfm-serrure-portail-coulissant-ibfm-crochet_SKUM221490.html,
IBFM,,"
","{'Article:': 'N°29', 'Fiche technique fournisseur': '\n'}",,"https://res.cloudinary.com/afdb/image/upload/s--1ZwU7RCv--/c_pad,dpr_auto,f_auto,h_500,w_500/v1/afdb-fr/AFD_263195_.jpeg",043073,Aucun magasin sélectionné,Paire charnière double action N29 10 kg hauteur 75 mm argenté IBFM 106029A,,https://www.afdb.fr/ibfm-charniere-ibfm-double-action-argente-1060_SKUM5916.html,
IBFM,,"
",{'Modèle:': 'Numéro 1'},,"https://res.cloudinary.com/afdb/image/upload/s--PSi1xMD_--/c_pad,dpr_auto,f_auto,h_500,w_500/v1/afdb-fr/AFD_247975_.jpeg",394264,Aucun magasin sélectionné,Ferme-porte à tige n° 1 max 25 kg IBFM 91001,,https://www.afdb.fr/ibfm-ferme-porte-ibfm-tige-bras-central-pliable-9100_SKUM30876.html,
IBFM,,"
","{'Article:': 'N9', 'Fiche technique fournisseur': '\n'}",,"https://res.cloudinary.com/afdb/image/upload/s--r95-Y0DZ--/c_pad,dpr_auto,f_auto,h_500,w_500/v1/afdb-fr/AFD_263175_.jpeg",043070,Aucun magasin sélectionné,Paire charnière simple action N9 40 kg hauteur 150 mm argent IBFM 101036BA,,https://www.afdb.fr/ibfm-paire-charniere-ibfm-simple-action-argent_SKUM5915.html,
IBFM,,"
","{'Finition:': 'Laqué noir', 'Fiche technique fournisseur': '\n'}",,"https://res.cloudinary.com/afdb/image/upload/s--S5w5IyZw--/c_pad,dpr_auto,f_auto,h_500,w_500/v1/afdb-fr/AFD_263207_.jpeg",614421,Aucun magasin sélectionné,Poignée droite 180 mm pour porte coulissant IBFM 482180,,https://www.afdb.fr/ibfm-poignee-portail-ibfm-applique-portail-coulissant_SKUM5739.html,
DINAC,,"
","{'Type de pose:': 'A coller', 'Fiche technique fournisseur': '\n'}",,"https://res.cloudinary.com/afdb/image/upload/s--n1nzWXwO--/c_pad,dpr_auto,f_auto,h_500,w_500/v1/afdb-fr/AFD_124954_.jpeg",793304,Aucun magasin sélectionné,"Seuil adhésif multi niveaux 40 mm finition inox brillant 0,93 ml DINAC 0081020 00",,https://www.afdb.fr/dinac-seuil-adhesif-dinac-multi-niveaux_SKUM25880.html,
DINAC,,"
","{'Modèle:': '6VA', 'Fiche technique fournisseur': '\n'}",,"https://res.cloudinary.com/afdb/image/upload/s--vKO_qgcy--/c_pad,dpr_auto,f_auto,h_500,w_500/v1/afdb-fr/AFD_246387_.jpeg",793318,Aucun magasin sélectionné,Nez de marche strié métal 6VA adhésif aluminium 3 m noir DINAC 222303D,,https://www.afdb.fr/dinac-nez-marche-strie-dinac_SKUM46594.html,
DINAC,,"
","{'Modèle:': 'Fourni sans bande', 'Fiche technique fournisseur': '\n'}",,"https://res.cloudinary.com/afdb/image/upload/s--2AE-4klq--/c_pad,dpr_auto,f_auto,h_500,w_500/v1/afdb-fr/AFD_245946_.jpeg",793326,Aucun magasin sélectionné,Nez de marche EVOLUTIFS 2CBIS 3 m DINAC 2687110,,https://www.afdb.fr/dinac-nez-marche-evolutifs-dinac_SKUM155631.html,
TORBEL,,"
","{'Type:': 'Contre penture', 'Fiche technique fournisseur': '\n'}",,"https://res.cloudinary.com/afdb/image/upload/s--gQEeJJ8U--/c_pad,dpr_auto,f_auto,h_500,w_500/v1/afdb-fr/AFD_34014__.jpeg",589593,Aucun magasin sélectionné,Contre penture aluminium noir longueur 370 mm TORBEL 11PAC3J,,https://www.afdb.fr/torbel-penture-torbel-aluminium_SKUM5617.html,
HERCULE,,"
",{'Article:': 'Support à charnière'},,"https://res.cloudinary.com/afdb/image/upload/s--3vhDb5vh--/c_pad,dpr_auto,f_auto,h_500,w_500/v1/afdb-fr/AFD_247021_.jpeg",213826,Aucun magasin sélectionné,Support de barre à charnière droite passage 12 mm - HERCULE - 4234,,https://www.afdb.fr/hercule-supports-barre-charniere-hercule_SKUM5784.html,
IBFM,,"
","{'Finition:': 'Noir', 'Fiche technique fournisseur': '\n'}",,"https://res.cloudinary.com/afdb/image/upload/s--V4Nhp8qN--/c_pad,dpr_auto,f_auto,h_500,w_500/v1/afdb-fr/AFD_262480_.jpeg",209495,Aucun magasin sélectionné,Béquille double pour porte métallique 35 - 50 mm carré 8 mm noire IBFM 435035,,https://www.afdb.fr/ibfm-bequille-double-ibfm-portes-metalliques-carre-8-mm-4350_SKUM71819.html,
GROOM,,"
","{'Article:': 'N°0', 'Fiche technique fournisseur': '\n'}",,"https://res.cloudinary.com/afdb/image/upload/s--1tFtt06d--/c_pad,dpr_auto,f_auto,h_500,w_500/v1/afdb-fr/AFD_122823_.jpeg",035227,Aucun magasin sélectionné,Paire charnière simple action Liobex compact N0 acier argent GROOM GR103101,,https://www.afdb.fr/groom-charniere-groom-simple-action-liobex-gr10_SKUM8764.html,
MAP,,"
",{'Article:': 'Verrou à encastrer'},,"https://res.cloudinary.com/afdb/image/upload/s--F-J2pXnH--/c_pad,dpr_auto,f_auto,h_500,w_500/v1/afdb-fr/AFD_263595_.jpeg",390051,Aucun magasin sélectionné,Verrou à encastrer en 110 mm MAP MAP-120110,,https://www.afdb.fr/map-verrou-encastrer-map_SKUM9056.html,
VIRO,,"
",{'Modèle:': 'N° 4201'},,"https://res.cloudinary.com/afdb/image/upload/s--TGdP40e3--/c_pad,dpr_auto,f_auto,h_500,w_500/v1/afdb-fr/AFD_26896__.jpeg",208791,Aucun magasin sélectionné,Serrure blindée de rideau métallique à cylindre rond dimension 190 x 80 mm acier zingué VIRO VIR4201,,https://www.afdb.fr/viro-serrure-blindee-rideau-metallique-viro-cylindre-rond-dimension-190x80-mm-acier-zingue-vir4201_SKUM9650.html,
MOTTURA,,"
",{'Modèle:': 'Sorties de tringle plates'},,"https://res.cloudinary.com/afdb/image/upload/s--yQloZ2dK--/c_pad,dpr_auto,f_auto,h_500,w_500/v1/afdb-fr/AFD_12490__.jpeg",053006,Aucun magasin sélectionné,Serrure de rideau métallique centrale sorties de tringle plates à double panneton zingué MOTTURA 45850,,https://www.afdb.fr/mottura-serrure-rideau-metallique-mottura-double-panneton_SKUM6980.html,
MANTION,,"
","{'Finition:': 'Embouti', 'Fiche technique fournisseur': '\n'}",,"https://res.cloudinary.com/afdb/image/upload/s--DqZdOUFS--/c_pad,dpr_auto,f_auto,h_500,w_500/v1/afdb-fr/AFD_265698_.jpeg",371410,Aucun magasin sélectionné,Poignée tôle emboutie MANTION 1298,,https://www.afdb.fr/mantion-poignee-portail-mantion_SKUM5868.html,
MANTION,,"
","{'Finition:': 'Inox', 'Fiche technique fournisseur': '\n'}",,"https://res.cloudinary.com/afdb/image/upload/s--qdRKST9Z--/c_pad,dpr_auto,f_auto,h_500,w_500/v1/afdb-fr/AFD_40275__.jpeg",371408,Aucun magasin sélectionné,Poignée emboutie GM inox MANTION 1290X,,https://www.afdb.fr/mantion-poignee-emboutie-mantion-gm-inox-1290x_SKUM39288.html,
